date,Open,High,Low,Close,Volume
2018-03-29,296540.0,301518.0,296540.0,299100.0,3.0
2018-03-30,297060.0,300913.5,294590.0,297677.5,3.5
2018-03-31,297580.0,300309.0,292640.0,296255.0,4.0
2018-04-01,298100.0,299704.5,290690.0,294832.5,4.5
2018-04-02,298620.0,299100.0,288740.0,293410.0,5.0
2018-04-03,295480.0,297325.0,291885.0,296850.0,2.0
2018-04-04,291100.0,300900.0,291100.0,299850.0,4.0
2018-04-05,301410.0,304200.0,300500.0,301750.0,4.0
2018-04-06,298810.0,299750.0,290990.0,294000.0,4.0
2018-04-07,297923.3333333333,299166.6666666667,291513.3333333333,293557.0,3.6666666666666665
2018-04-08,297036.6666666666,298583.3333333334,292036.6666666666,293114.0,3.333333333333333
2018-04-09,296149.99999999994,298000.00000000006,292559.99999999994,292671.0,3.0
2018-04-10,296760.0,299500.0,296300.0,296556.0,3.0
2018-04-11,295250.0,295500.0,292690.0,293249.0,2.0
2018-04-12,295320.0,299370.0,295000.0,297021.0,3.0
2018-04-13,299200.0,299960.0,294300.0,295891.0,2.0
2018-04-14,298783.0,299937.3333333333,295066.6666666667,296321.0,2.0
2018-04-15,298366.0,299914.6666666666,295833.3333333334,296751.0,2.0
2018-04-16,297949.0,299891.99999999994,296600.00000000006,297181.0,2.0
2018-04-17,299499.0,300950.0,298590.0,298701.0,2.0
2018-04-18,300170.0,301300.0,299130.0,299205.0,1.0
2018-04-19,300000.0,302000.0,298990.0,300300.0,1.0
2018-04-20,301680.0,301680.0,298450.0,300140.0,1.0
2018-04-21,301452.6666666667,301593.3333333333,298300.0,299700.3333333333,1.3333333333333333
2018-04-22,301225.3333333334,301506.6666666666,298150.0,299260.6666666666,1.6666666666666663
2018-04-23,300998.00000000006,301419.99999999994,298000.0,298820.99999999994,2.0
2018-04-24,299600.0,300750.0,293000.0,295734.0,3.0
2018-04-25,294660.0,296010.0,291995.0,295279.0,2.0
2018-04-26,296750.0,296760.0,294400.0,295769.0,1.0
2018-04-27,295850.0,296455.0,293980.0,295995.0,1.0
2018-04-28,296200.0,296716.6666666667,292870.0,294213.3333333333,1.6666666666666663
2018-04-29,296550.0,296978.3333333334,291760.0,292431.6666666666,2.333333333333333
2018-04-30,296900.0,297240.00000000006,290650.0,290649.99999999994,3.0
2018-05-01,291150.0,292730.0,289170.0,292730.0,4.0
2018-05-02,291850.0,292400.0,289750.0,290450.0,3.0
2018-05-03,289171.0,289171.0,284850.0,287051.0,5.0
2018-05-04,288200.0,294349.0,280428.0,292600.0,7.0
2018-05-05,290373.3333333333,295399.3333333333,284852.0,293600.0,5.666666666666667
2018-05-06,292546.6666666666,296449.6666666666,289276.0,294600.0,4.333333333333334
2018-05-07,294719.99999999994,297499.99999999994,293700.0,295600.0,3.000000000000001
2018-05-08,295560.0,295770.0,292240.0,295700.0,3.0
2018-05-09,295000.0,300000.0,294950.0,299991.0,2.0
2018-05-10,300140.0,301630.0,298635.0,301630.0,3.0
2018-05-11,300300.0,303530.0,298360.0,298770.0,3.0
2018-05-12,300200.0,302596.6666666667,298273.3333333333,298580.0,2.6666666666666665
2018-05-13,300100.0,301663.3333333334,298186.6666666666,298390.0,2.333333333333333
2018-05-14,300000.0,300730.00000000006,298099.99999999994,298200.0,2.0
2018-05-15,297555.0,298155.0,294420.0,296200.0,2.0
2018-05-16,295700.0,297580.0,295000.0,296300.0,1.0
2018-05-17,296750.0,296840.0,295000.0,296440.0,1.0
2018-05-18,296440.0,296440.0,293965.0,294380.0,2.0
2018-05-19,296360.0,296885.0,294558.3333333333,295126.6666666667,2.0
2018-05-20,296280.0,297330.0,295151.6666666666,295873.3333333334,2.0
2018-05-21,296200.0,297775.0,295744.99999999994,296620.00000000006,2.0
2018-05-22,297300.0,298300.0,296006.0,296991.0,2.0
2018-05-23,296500.0,296580.0,292647.0,294400.0,3.0
2018-05-24,293980.0,294110.0,291222.0,291850.0,2.0
2018-05-25,291600.0,292370.0,290100.0,290886.0,2.0
2018-05-26,291125.0,291702.5,288475.0,289664.5,3.75
2018-05-27,290650.0,291035.0,286850.0,288443.0,5.5
2018-05-28,290175.0,290367.5,285225.0,287221.5,7.25
2018-05-29,289700.0,289700.0,283600.0,286000.0,9.0
2018-05-30,288500.0,293116.0,288300.0,292000.0,6.0
2018-05-31,291000.0,291700.0,287200.0,287200.0,4.0
2018-06-01,290080.0,291000.0,288470.0,289200.0,2.0
2018-06-02,290085.0,291026.6666666667,288313.3333333333,288800.0,2.0
2018-06-03,290090.0,291053.3333333334,288156.6666666666,288400.0,2.0
2018-06-04,290095.0,291080.00000000006,287999.99999999994,288000.0,2.0
2018-06-05,288000.0,288100.0,286200.0,286700.0,3.0
2018-06-06,287680.0,291261.0,287680.0,290722.0,3.0
2018-06-07,291900.0,294000.0,291110.0,292900.0,3.0
2018-06-08,292300.0,294540.0,291645.0,294055.0,2.0
2018-06-09,293066.6666666667,294794.0,292020.0,293626.6666666667,2.0
2018-06-10,293833.3333333334,295048.0,292395.0,293198.3333333334,2.0
2018-06-11,294600.00000000006,295302.0,292770.0,292770.00000000006,2.0
2018-06-12,293450.0,294190.0,292370.0,293005.0,2.0
2018-06-13,293100.0,294020.0,291825.0,292769.0,2.0
2018-06-14,292800.0,292800.0,288978.0,289670.0,3.0
2018-06-15,289600.0,289600.0,286200.0,287626.0,3.0
2018-06-16,288433.3333333333,289016.6666666667,286033.3333333333,287617.3333333333,2.6666666666666665
2018-06-17,287266.6666666666,288433.3333333334,285866.6666666666,287608.6666666666,2.333333333333333
2018-06-18,286099.99999999994,287850.00000000006,285699.99999999994,287599.99999999994,2.0
2018-06-19,286450.0,287164.0,284800.0,286700.0,3.0
2018-06-20,286780.0,286780.0,285000.0,285000.0,3.0
2018-06-21,285300.0,285800.0,283600.0,285000.0,5.0
2018-06-22,285900.0,287310.0,285401.0,286541.0,5.0
2018-06-23,285600.0,286775.0,284434.0,285907.3333333333,4.333333333333333
2018-06-24,285300.0,286240.0,283467.0,285273.6666666666,3.6666666666666665
2018-06-25,285000.0,285705.0,282500.0,284639.99999999994,3.0
2018-06-26,283200.0,287000.0,282400.0,284500.0,5.0
2018-06-27,284500.0,285700.0,281600.0,281600.0,6.0
2018-06-28,282950.0,285625.0,282000.0,284920.0,5.0
2018-06-29,286700.0,288080.0,282000.0,282040.0,4.0
2018-06-30,285150.0,286887.0,282016.6666666667,282626.6666666667,3.0
2018-07-01,283600.0,285694.0,282033.3333333334,283213.3333333334,2.0
2018-07-02,282050.0,284501.0,282050.00000000006,283800.00000000006,1.0
2018-07-03,284900.0,285000.0,281600.0,282000.0,1.0
2018-07-04,283650.0,284601.5,281870.0,282817.5,1.5
2018-07-05,282400.0,284203.0,282140.0,283635.0,2.0
2018-07-06,283140.0,285406.0,282840.0,283700.0,1.0
2018-07-07,283760.0,285844.0,283398.3333333333,284706.6666666667,1.0
2018-07-08,284380.0,286282.0,283956.6666666666,285713.3333333334,1.0
2018-07-09,285000.0,286720.0,284514.99999999994,286720.00000000006,1.0
2018-07-10,287499.0,287770.0,286070.0,286385.0,2.0
2018-07-11,285500.0,289500.0,285010.0,288481.0,4.0
2018-07-12,288550.0,289800.0,286161.0,288000.0,5.0
2018-07-13,288000.0,290100.0,287221.0,290000.0,6.0
2018-07-14,288266.6666666667,290373.3333333333,287747.3333333333,289666.6666666667,5.0
2018-07-15,288533.3333333334,290646.6666666666,288273.6666666666,289333.3333333334,4.0
2018-07-16,288800.00000000006,290919.99999999994,288799.99999999994,289000.00000000006,3.0
2018-07-17,289220.0,289800.0,287560.0,288500.0,2.0
2018-07-18,295060.0,304100.0,295060.0,303210.0,10.0
2018-07-19,303210.0,303549.0,298205.0,299000.0,3.0
2018-07-20,298005.0,299380.0,298005.0,299380.0,2.0
2018-07-21,298303.3333333333,300106.6666666667,298281.6666666667,299663.3333333333,3.0
2018-07-22,298601.6666666666,300833.3333333334,298558.3333333334,299946.6666666666,4.0
2018-07-23,298899.99999999994,301560.00000000006,298835.00000000006,300229.99999999994,5.0
2018-07-24,300650.0,303400.0,300400.0,300400.0,2.0
2018-07-25,300000.0,300500.0,297888.0,299816.0,2.0
2018-07-26,300300.0,302000.0,300300.0,300501.0,2.0
2018-07-27,300500.0,302749.0,300500.0,302000.0,3.0
2018-07-28,300746.6666666667,303299.3333333333,300746.6666666667,302477.3333333333,3.333333333333333
2018-07-29,300993.3333333334,303849.6666666666,300993.3333333334,302954.6666666666,3.666666666666667
2018-07-30,301240.00000000006,304399.99999999994,301240.00000000006,303431.99999999994,4.0
2018-07-31,303400.0,303400.0,301080.0,301550.0,5.0
2018-08-01,302500.0,303900.0,300770.0,301200.0,2.0
2018-08-02,300550.0,302175.0,299000.0,301160.0,2.0
2018-08-03,302300.0,304990.0,301720.0,304671.0,3.0
2018-08-04,304533.3333333333,308331.6666666667,304013.3333333333,307049.3333333333,4.333333333333333
2018-08-05,306766.6666666666,311673.3333333334,306306.6666666666,309427.6666666666,5.666666666666666
2018-08-06,308999.99999999994,315015.00000000006,308599.99999999994,311805.99999999994,6.999999999999999
2018-08-07,313950.0,317100.0,313950.0,315600.0,5.0
2018-08-08,315550.0,316599.0,314376.0,315300.0,2.0
2018-08-09,315400.0,316575.0,315000.0,315100.0,1.0
2018-08-10,313799.0,313799.0,310540.0,312000.0,2.0
2018-08-11,312932.6666666667,313449.3333333333,310354.3333333333,311410.0,2.0
2018-08-12,312066.3333333334,313099.6666666666,310168.6666666666,310820.0,2.0
2018-08-13,311200.00000000006,312749.99999999994,309982.99999999994,310230.0,2.0
2018-08-14,310745.0,312108.0,310250.0,310815.0,1.0
2018-08-15,310000.0,311300.0,308000.0,309050.0,1.0
2018-08-16,310120.0,313195.0,309950.0,313000.0,2.0
2018-08-17,312975.0,314290.0,312260.0,313465.0,2.0
2018-08-18,313138.3333333333,314705.0,312661.6666666667,313663.3333333333,1.6666666666666667
2018-08-19,313301.6666666666,315120.0,313063.3333333334,313861.6666666666,1.3333333333333337
2018-08-20,313464.99999999994,315535.0,313465.00000000006,314059.99999999994,1.0000000000000002
2018-08-21,314950.0,315600.0,313725.0,313725.0,2.0
2018-08-22,313250.0,313250.0,311960.0,312400.0,1.0
2018-08-23,312300.0,312930.0,311710.0,311983.0,1.0
2018-08-24,312150.0,313640.0,312150.0,312850.0,2.0
2018-08-25,312850.0,314926.6666666667,312850.0,313966.6666666667,2.0
2018-08-26,313550.0,316213.3333333334,313550.0,315083.3333333334,2.0
2018-08-27,314250.0,317500.00000000006,314250.0,316200.00000000006,2.0
2018-08-28,316700.0,317730.0,316110.0,317124.0,3.0
2018-08-29,317850.0,317850.0,316320.0,317505.0,2.0
2018-08-30,317000.0,317450.0,315880.0,317000.0,4.0
2018-08-31,316900.0,316900.0,315000.0,315800.0,5.0
2018-09-01,316625.0,316987.5,315000.0,316162.5,4.25
2018-09-02,316350.0,317075.0,315000.0,316525.0,3.5
2018-09-03,316075.0,317162.5,315000.0,316887.5,2.75
2018-09-04,315800.0,317250.0,315000.0,317250.0,2.0
2018-09-05,316500.0,319950.0,316123.0,319920.0,3.0
2018-09-06,318500.0,321175.0,318500.0,320035.0,4.0
2018-09-07,320000.0,322743.0,320000.0,321700.0,3.0
2018-09-08,320733.3333333333,323493.6666666667,320701.6666666667,321986.6666666667,3.0
2018-09-09,321466.6666666666,324244.3333333334,321403.3333333334,322273.3333333334,3.0
2018-09-10,322199.99999999994,324995.00000000006,322105.00000000006,322560.00000000006,3.0
2018-09-11,321200.0,324420.0,320070.0,323242.0,2.0
2018-09-12,321750.0,323420.0,321750.0,322340.0,2.0
2018-09-13,322700.0,323455.0,321575.0,321575.0,3.0
2018-09-14,323980.0,324999.0,323276.0,324999.0,2.0
2018-09-15,324333.3333333333,325221.3333333333,323462.6666666667,324857.6666666667,2.0
2018-09-16,324686.6666666666,325443.6666666666,323649.3333333334,324716.3333333334,2.0
2018-09-17,325039.99999999994,325665.99999999994,323836.00000000006,324575.00000000006,2.0
2018-09-18,325000.0,327820.0,324945.0,327436.0,5.0
2018-09-19,326400.0,332000.0,326400.0,332000.0,6.0
2018-09-20,332300.0,334560.0,332300.0,333415.0,3.0
2018-09-21,333780.0,333860.0,331015.0,331336.0,4.0
2018-09-22,332620.0,332903.3333333333,329656.6666666667,330170.6666666667,3.6666666666666665
2018-09-23,331460.0,331946.6666666666,328298.3333333334,329005.3333333334,3.333333333333333
2018-09-24,330300.0,330989.99999999994,326940.00000000006,327840.00000000006,3.0
2018-09-25,328101.0,328500.0,326280.0,328500.0,2.0
2018-09-26,328100.0,328100.0,324286.0,324286.0,3.0
2018-09-27,324401.0,326500.0,323112.0,324731.0,3.0
2018-09-28,324500.0,324500.0,320000.0,320000.0,4.0
2018-09-29,324055.0,324366.6666666667,320303.3333333333,320643.3333333333,4.333333333333333
2018-09-30,323610.0,324233.3333333334,320606.6666666666,321286.6666666666,4.666666666666666
2018-10-01,323165.0,324100.00000000006,320909.99999999994,321929.99999999994,4.999999999999999
2018-10-02,321280.0,323330.0,321150.0,322900.0,2.0
2018-10-03,323175.0,326506.0,323175.0,323878.0,4.0
2018-10-04,324325.0,328410.0,324325.0,327900.0,2.0
2018-10-05,328700.0,330120.0,328190.0,329500.0,2.0
2018-10-06,328850.0,331436.6666666667,328510.0,330779.0,2.0
2018-10-07,329000.0,332753.3333333334,328830.0,332058.0,2.0
2018-10-08,329150.0,334070.00000000006,329150.0,333337.0,2.0
2018-10-09,332700.0,335900.0,331800.0,335630.0,5.0
2018-10-10,334830.0,335441.0,319100.0,319100.0,5.0
2018-10-11,316110.0,317990.0,305000.0,308000.0,8.0
2018-10-12,314200.0,314590.0,306375.0,310000.0,4.0
2018-10-13,312800.0,313060.0,306651.6666666667,309333.3333333333,3.6666666666666665
2018-10-14,311400.0,311530.0,306928.3333333334,308666.6666666666,3.333333333333333
2018-10-15,310000.0,310000.0,307205.00000000006,307999.99999999994,3.0
2018-10-16,310750.0,316000.0,309750.0,314750.0,3.0
2018-10-17,314500.0,317500.0,311296.0,315200.0,4.0
2018-10-18,316100.0,316889.0,311000.0,313200.0,2.0
2018-10-19,313200.0,316180.0,312264.0,314477.0,4.0
2018-10-20,313850.0,315836.6666666667,311202.6666666667,312678.0,3.6666666666666665
2018-10-21,314500.0,315493.3333333334,310141.3333333334,310879.0,3.333333333333333
2018-10-22,315150.0,315150.00000000006,309080.00000000006,309080.0,3.0
2018-10-23,304899.0,307915.0,302861.0,305100.0,4.0
2018-10-24,305003.0,306000.0,299381.0,299995.0,4.0
2018-10-25,302000.0,305050.0,300430.0,302231.0,4.0
2018-10-26,299995.0,300605.0,296003.0,296805.0,6.0
2018-10-27,300830.0,302691.3333333333,296335.3333333333,297870.0,5.333333333333333
2018-10-28,301665.0,304777.6666666666,296667.6666666666,298935.0,4.666666666666666
2018-10-29,302500.0,306863.99999999994,296999.99999999994,300000.0,4.0
2018-10-30,300300.0,305579.0,298480.0,305579.0,4.0
2018-10-31,309180.0,312010.0,307090.0,307705.0,3.0
2018-11-01,308007.0,309199.0,306001.0,308366.0,2.0
2018-11-02,312150.0,313015.0,305250.0,308411.0,2.0
2018-11-03,314393.3333333333,317359.0,309793.3333333333,313585.6666666667,3.333333333333333
2018-11-04,316636.6666666666,321703.0,314336.6666666666,318760.3333333334,4.666666666666666
2018-11-05,318879.99999999994,326047.0,318879.99999999994,323935.00000000006,5.999999999999999
2018-11-06,325945.0,327600.0,324885.0,327050.0,3.0
2018-11-07,330000.0,332222.0,326600.0,331391.0,3.0
2018-11-08,331400.0,335109.0,330980.0,333200.0,4.0
2018-11-09,331840.0,331940.0,327510.0,329665.0,1.0
2018-11-10,330870.0,330981.6666666667,326000.0,327456.6666666667,1.3333333333333333
2018-11-11,329900.0,330023.3333333334,324490.0,325248.3333333334,1.6666666666666663
2018-11-12,328930.0,329065.00000000006,322980.0,323040.00000000006,2.0
2018-11-13,323105.0,328408.0,323105.0,326700.0,3.0
2018-11-14,329080.0,330450.0,321000.0,323700.0,3.0
2018-11-15,322770.0,326300.0,318120.0,326300.0,2.0
2018-11-16,326000.0,330526.0,323800.0,328350.0,2.0
2018-11-17,326333.3333333333,329359.0,323520.0,327802.0,2.0
2018-11-18,326666.6666666666,328192.0,323240.0,327254.0,2.0
2018-11-19,326999.99999999994,327025.0,322960.0,326706.0,2.0
2018-11-20,322710.0,323010.0,315623.0,315970.0,4.0
2018-11-21,316300.0,320396.0,316000.0,316301.0,1.0
2018-11-22,315650.0,317698.0,313170.0,313320.5,1.0
2018-11-23,315000.0,315000.0,310340.0,310340.0,1.0
2018-11-24,314566.6666666667,315476.6666666667,311271.6666666667,312240.0,1.3333333333333333
2018-11-25,314133.3333333334,315953.3333333334,312203.3333333334,314140.0,1.6666666666666663
2018-11-26,313700.00000000006,316430.00000000006,313135.00000000006,316040.0,2.0
2018-11-27,315420.0,319100.0,315420.0,318696.0,2.0
2018-11-28,319150.0,326450.0,318745.0,325000.0,5.0
2018-11-29,324750.0,328900.0,324200.0,326481.0,4.0
2018-11-30,325125.0,328550.0,325125.0,326000.0,2.0
2018-12-01,327250.0,330713.6666666667,326276.6666666667,327640.3333333333,2.6666666666666665
2018-12-02,329375.0,332877.3333333334,327428.3333333334,329280.6666666666,3.333333333333333
2018-12-03,331500.0,335041.00000000006,328580.00000000006,330920.99999999994,4.0
2018-12-04,330200.0,330200.0,314929.0,315000.0,6.0
2018-12-05,320375.0,321175.0,309714.5,313500.0,6.0
2018-12-06,310550.0,312150.0,304500.0,312000.0,6.0
2018-12-07,313250.0,316280.0,305850.0,307674.0,2.0
2018-12-08,310900.0,313183.3333333333,303267.0,306649.3333333333,3.0
2018-12-09,308550.0,310086.6666666666,300684.0,305624.6666666666,4.0
2018-12-10,306200.0,306989.99999999994,298101.0,304599.99999999994,5.0
2018-12-11,309499.0,310697.0,301234.0,303226.0,3.0
2018-12-12,308000.0,308272.0,303400.0,303600.0,3.0
2018-12-13,303700.0,304955.0,302310.0,303750.0,5.0
2018-12-14,301554.0,302406.0,299440.0,300320.0,8.0
2018-12-15,300742.6666666667,302654.0,298293.3333333333,299213.3333333333,7.0
2018-12-16,299931.3333333334,302902.0,297146.6666666666,298106.6666666666,6.0
2018-12-17,299120.00000000006,303150.0,295999.99999999994,296999.99999999994,5.0
2018-12-18,299030.0,300540.0,292524.0,294500.0,8.0
2018-12-19,295000.0,301000.0,290627.0,293040.0,5.0
2018-12-20,290425.0,292975.0,287485.0,290100.0,7.0
2018-12-21,290000.0,296100.0,287800.0,288000.0,5.0
2018-12-22,289333.3333333333,293400.0,285533.3333333333,286213.3333333333,4.666666666666667
2018-12-23,288666.6666666666,290700.0,283266.6666666666,284426.6666666666,4.333333333333334
2018-12-24,287999.99999999994,288000.0,280999.99999999994,282639.99999999994,4.000000000000001
2018-12-25,285625.0,292372.5,280205.0,288745.0,4.5
2018-12-26,283250.0,296745.0,279410.0,294850.0,5.0
2018-12-27,293000.0,299800.0,288000.0,298500.0,6.0
2018-12-28,300005.0,306900.0,300005.0,302600.0,5.0
2018-12-29,302003.3333333333,307093.0,300542.6666666667,303733.3333333333,4.333333333333333
2018-12-30,304001.6666666666,307286.0,301080.3333333334,304866.6666666666,3.6666666666666665
2018-12-31,305999.99999999994,307479.0,301618.00000000006,305999.99999999994,3.0
2019-01-01,304000.0,306867.0,301749.0,305028.5,3.5
2019-01-02,302000.0,306255.0,301880.0,304057.0,4.0
2019-01-03,300000.0,300000.0,286650.0,287000.0,7.0
2019-01-04,292715.0,295404.0,290755.0,292500.0,8.0
2019-01-05,293310.0,295992.6666666667,291493.3333333333,293466.6666666667,7.333333333333333
2019-01-06,293905.0,296581.3333333334,292231.6666666666,294433.3333333334,6.666666666666666
2019-01-07,294500.0,297170.00000000006,292969.99999999994,295400.00000000006,5.999999999999999
2019-01-08,299060.0,299060.0,292179.0,294300.0,3.0
2019-01-09,295990.0,296250.0,292600.0,294560.0,3.0
2019-01-10,293600.0,296725.0,292815.0,295160.0,3.0
2019-01-11,293750.0,294300.0,292000.0,293980.0,5.0
2019-01-12,293083.3333333333,294410.3333333333,291883.3333333333,293443.6666666667,5.0
2019-01-13,292416.6666666666,294520.6666666666,291766.6666666666,292907.3333333334,5.0
2019-01-14,291749.99999999994,294630.99999999994,291649.99999999994,292371.00000000006,5.0
2019-01-15,294180.0,295880.0,293009.0,295000.0,5.0
2019-01-16,296300.0,299300.0,295811.0,295811.0,7.0
2019-01-17,297000.0,299075.0,294970.0,297547.0,2.0
2019-01-18,301398.0,306725.0,300603.0,306500.0,4.0
2019-01-19,302298.5,306870.0,300150.75,305007.75,3.75
2019-01-20,303199.0,307015.0,299698.5,303515.5,3.5
2019-01-21,304099.5,307160.0,299246.25,302023.25,3.25
2019-01-22,305000.0,307305.0,298794.0,300531.0,3.0
2019-01-23,300725.0,301850.0,298000.0,301835.0,2.0
2019-01-24,300035.0,302100.0,299740.0,301680.0,2.0
2019-01-25,304561.0,306950.0,303265.0,303531.0,2.0
2019-01-26,303674.0,305380.0,302126.6666666667,302687.3333333333,2.6666666666666665
2019-01-27,302787.0,303810.0,300988.3333333334,301843.6666666666,3.333333333333333
2019-01-28,301900.0,302240.0,299850.00000000006,300999.99999999994,4.0
2019-01-29,300880.0,303014.0,300745.0,303000.0,2.0
2019-01-30,305900.0,311145.0,304800.0,309180.0,3.0
2019-01-31,307540.0,311890.0,306195.0,311500.0,5.0
2019-02-01,310005.0,313960.0,309965.0,313875.0,4.0
2019-02-02,311220.0,313856.6666666667,310133.3333333333,313250.0,3.6666666666666665
2019-02-03,312435.0,313753.3333333334,310301.6666666666,312625.0,3.333333333333333
2019-02-04,313650.0,313650.00000000006,310469.99999999994,312000.0,3.0
2019-02-05,312550.0,313000.0,310155.0,310700.0,4.0
2019-02-06,310000.0,310449.0,307780.0,308810.0,1.0
2019-02-07,307000.0,307150.0,301100.0,302813.0,2.0
2019-02-08,301000.0,301390.0,297381.0,300771.0,2.0
2019-02-09,301458.3333333333,302570.0,299037.3333333333,302142.0,2.0
2019-02-10,301916.6666666666,303750.0,300693.6666666666,303513.0,2.0
2019-02-11,302374.99999999994,304930.0,302349.99999999994,304884.0,2.0
2019-02-12,307900.0,310000.0,307655.0,309260.0,2.0
2019-02-13,309650.0,312140.0,308025.0,308320.0,4.0
2019-02-14,306895.0,306895.0,302585.0,303890.0,2.0
2019-02-15,307000.0,308320.0,305850.0,308139.0,2.0
2019-02-16,307205.0,308577.5,306211.25,307933.0,2.0
2019-02-17,307410.0,308835.0,306572.5,307727.0,2.0
2019-02-18,307615.0,309092.5,306933.75,307521.0,2.0
2019-02-19,307820.0,309350.0,307295.0,307315.0,2.0
2019-02-20,308375.0,309500.0,307500.0,309500.0,1.0
2019-02-21,308992.0,309800.0,306535.0,307925.0,2.0
2019-02-22,305434.0,305434.0,300000.0,302000.0,4.0
2019-02-23,304639.3333333333,306122.6666666667,300666.6666666667,302433.3333333333,3.6666666666666665
2019-02-24,303844.6666666666,306811.3333333334,301333.3333333334,302866.6666666666,3.333333333333333
2019-02-25,303049.99999999994,307500.00000000006,302000.00000000006,303299.99999999994,3.0
2019-02-26,303900.0,303900.0,302000.0,302500.0,2.0
2019-02-27,302500.0,303503.0,302100.0,303000.0,3.0
2019-02-28,303605.0,303710.0,302000.0,302200.0,2.0
2019-03-01,304520.0,306416.0,303000.0,304860.0,2.0
2019-03-02,304646.6666666667,306715.6666666667,302400.0,304373.3333333333,2.333333333333333
2019-03-03,304773.3333333334,307015.3333333334,301800.0,303886.6666666666,2.666666666666667
2019-03-04,304900.00000000006,307315.00000000006,301200.0,303399.99999999994,3.0000000000000004
2019-03-05,302825.0,303100.0,301300.0,302600.0,2.0
2019-03-06,302300.0,303548.0,301200.0,301375.0,1.0
2019-03-07,300800.0,301000.0,297500.0,299050.0,3.0
2019-03-08,297000.0,299161.0,295900.0,299000.0,2.0
2019-03-09,298000.0,300591.0,297266.6666666667,300426.3333333333,2.0
2019-03-10,299000.0,302021.0,298633.3333333334,301852.6666666666,2.0
2019-03-11,300000.0,303451.0,300000.00000000006,303278.99999999994,2.0
2019-03-12,304200.0,305540.0,303725.0,304235.0,2.0
2019-03-13,304500.0,308026.0,304355.0,306300.0,4.0
2019-03-14,305360.0,306555.0,304300.0,305350.0,1.0
2019-03-15,306440.0,309171.0,306000.0,307250.0,3.0
2019-03-16,307006.6666666667,309578.6666666667,306713.3333333333,308165.3333333333,3.0
2019-03-17,307573.3333333334,309986.3333333334,307426.6666666666,309080.6666666666,3.0
2019-03-18,308140.00000000006,310394.00000000006,308139.99999999994,309995.99999999994,3.0
2019-03-19,311100.0,311299.0,307100.0,307900.0,2.0
2019-03-20,307900.0,307922.0,304850.0,305505.0,2.0
2019-03-21,304000.0,307120.0,303390.0,307120.0,2.0
2019-03-22,305940.0,305940.0,300717.0,301225.0,3.0
2019-03-23,304369.0,305096.6666666667,299778.0,300610.0,3.0
2019-03-24,302798.0,304253.3333333334,298839.0,299995.0,3.0
2019-03-25,301227.0,303410.00000000006,297900.0,299380.0,3.0
2019-03-26,301425.0,302018.0,298500.0,300961.0,2.0
2019-03-27,300851.0,301481.0,297900.0,299764.0,3.0
2019-03-28,300050.0,301250.0,298400.0,301250.0,2.0
2019-03-29,302500.0,302579.0,300152.0,301215.0,5.0
2019-03-30,302600.0,304362.6666666667,301034.6666666667,303410.0,4.666666666666667
2019-03-31,302700.0,306146.3333333334,301917.3333333334,305605.0,4.333333333333334
2019-04-01,302800.0,307930.00000000006,302800.00000000006,307800.0,4.000000000000001
2019-04-02,307000.0,307900.0,305417.0,306000.0,2.0
2019-04-03,308000.0,308240.0,304600.0,305750.0,2.0
2019-04-04,305250.0,307385.0,305100.0,306461.0,3.0
2019-04-05,305495.0,308375.0,305495.0,307776.0,3.0
2019-04-06,306221.3333333333,308449.3333333333,305725.0,307671.0,2.333333333333333
2019-04-07,306947.6666666666,308523.6666666666,305955.0,307566.0,1.666666666666667
2019-04-08,307673.99999999994,308597.99999999994,306185.0,307461.0,1.0000000000000004
2019-04-09,306820.0,307380.0,305600.0,307380.0,1.0
2019-04-10,307700.0,307700.0,305600.0,307000.0,2.0
2019-04-11,308074.0,310500.0,306899.0,309875.0,2.0
2019-04-12,311000.0,317226.0,311000.0,314250.0,2.0
2019-04-13,312333.3333333333,316599.0,311190.0,314333.3333333333,2.0
2019-04-14,313666.6666666666,315972.0,311380.0,314416.6666666666,2.0
2019-04-15,314999.99999999994,315345.0,311570.0,314499.99999999994,2.0
2019-04-16,315000.0,317500.0,315000.0,317500.0,1.0
2019-04-17,318000.0,318519.0,314694.0,316040.0,1.0
2019-04-18,316620.0,317003.0,314610.0,315330.0,1.0
2019-04-19,315915.0,316579.75,314322.5,315022.5,1.0
2019-04-20,315210.0,316156.5,314035.0,314715.0,1.0
2019-04-21,314505.0,315733.25,313747.5,314407.5,1.0
2019-04-22,313800.0,315310.0,313460.0,314100.0,1.0
2019-04-23,313865.0,317730.0,313756.0,317684.0,2.0
2019-04-24,317025.0,317703.0,315561.0,316000.0,2.0
2019-04-25,314900.0,319015.0,314295.0,318500.0,3.0
2019-04-26,318505.0,321494.0,318420.0,321000.0,4.0
2019-04-27,319670.0,322944.3333333333,319613.3333333333,322307.0,4.0
2019-04-28,320835.0,324394.6666666666,320806.6666666666,323614.0,4.0
2019-04-29,322000.0,325844.99999999994,321999.99999999994,324921.0,4.0
2019-04-30,325000.0,325615.0,322294.0,325080.0,2.0
2019-05-01,325700.0,328013.0,324926.0,325900.0,3.0
2019-05-02,325000.0,326557.0,322861.0,324214.0,2.0
2019-05-03,326000.0,328555.0,325385.0,327766.0,2.0
2019-05-04,324700.0,326453.3333333333,322720.0,325177.3333333333,3.333333333333333
2019-05-05,323400.0,324351.6666666666,320055.0,322588.6666666666,4.666666666666666
2019-05-06,322100.0,322249.99999999994,317390.0,319999.99999999994,5.999999999999999
2019-05-07,316400.0,317755.0,312000.0,315120.0,7.0
2019-05-08,314900.0,324000.0,312500.0,314750.0,4.0
2019-05-09,313500.0,314890.0,308325.0,314400.0,4.0
2019-05-10,310850.0,315910.0,308601.0,315500.0,4.0
2019-05-11,310483.3333333333,314273.3333333333,308520.6666666667,313120.0,4.333333333333333
2019-05-12,310116.6666666666,312636.6666666666,308440.3333333334,310740.0,4.666666666666666
2019-05-13,309749.99999999994,310999.99999999994,308360.00000000006,308360.0,4.999999999999999
2019-05-14,310100.0,312081.0,306666.0,306850.0,3.0
2019-05-15,306000.0,307595.0,303475.0,305580.0,2.0
2019-05-16,308000.0,311000.0,307690.0,307936.0,2.0
2019-05-17,305450.0,309023.0,305150.0,306355.0,1.0
2019-05-18,305333.3333333333,308007.0,304812.6666666667,306024.0,1.0
2019-05-19,305216.6666666666,306991.0,304475.3333333334,305693.0,1.0
2019-05-20,305099.99999999994,305975.0,304138.00000000006,305362.0,1.0
2019-05-21,306000.0,307481.0,305400.0,306225.0,2.0
2019-05-22,305234.0,306355.0,304188.0,304300.0,1.0
2019-05-23,303000.0,304200.0,300593.0,304115.0,4.0
2019-05-24,304540.0,305000.0,302850.0,303000.0,1.0
2019-05-25,304492.5,304875.0,302387.5,302512.5,1.5
2019-05-26,304445.0,304750.0,301925.0,302025.0,2.0
2019-05-27,304397.5,304625.0,301462.5,301537.5,2.5
2019-05-28,304350.0,304500.0,301000.0,301050.0,3.0
2019-05-29,300100.0,300810.0,298070.0,299860.0,4.0
2019-05-30,300025.0,301662.0,300025.0,300877.0,2.0
2019-05-31,298000.0,299339.0,296800.0,297060.0,3.0
2019-06-01,297666.6666666667,299484.3333333333,296741.0,297954.0,3.0
2019-06-02,297333.3333333334,299629.6666666666,296682.0,298848.0,3.0
2019-06-03,297000.00000000006,299774.99999999994,296623.0,299742.0,3.0
2019-06-04,301790.0,304000.0,301500.0,304000.0,2.0
2019-06-05,305300.0,306543.0,303400.0,306400.0,2.0
2019-06-06,305800.0,308566.0,305200.0,307900.0,4.0
2019-06-07,310000.0,310500.0,308940.0,309265.0,3.0
2019-06-08,310153.3333333333,311166.6666666667,309386.6666666667,310018.0,2.6666666666666665
2019-06-09,310306.6666666666,311833.3333333334,309833.3333333334,310771.0,2.333333333333333
2019-06-10,310459.99999999994,312500.00000000006,310280.00000000006,311524.0,2.0
2019-06-11,313190.0,313600.0,309315.0,310238.0,2.0
2019-06-12,309250.0,310086.0,306465.0,307196.0,2.0
2019-06-13,307000.0,308550.0,306795.0,307445.0,2.0
2019-06-14,306695.0,308800.0,306320.0,308206.0,1.0
2019-06-15,307198.6666666667,308602.0,305880.0,307297.3333333333,1.0
2019-06-16,307702.3333333334,308404.0,305440.0,306388.6666666666,1.0
2019-06-17,308206.00000000006,308206.0,305000.0,305479.99999999994,1.0
2019-06-18,306915.0,309800.0,306410.0,308885.0,3.0
2019-06-19,309740.0,312450.0,309550.0,310966.0,3.0
2019-06-20,312600.0,313000.0,309120.0,312900.0,3.0
2019-06-21,311378.0,313100.0,309000.0,309000.0,3.0
2019-06-22,310585.3333333333,312500.0,309000.0,309550.0,2.6666666666666665
2019-06-23,309792.6666666666,311900.0,309000.0,310100.0,2.333333333333333
2019-06-24,308999.99999999994,311300.0,309000.0,310650.0,2.0
2019-06-25,310500.0,312700.0,309513.0,312700.0,3.0
2019-06-26,312385.0,315000.0,312350.0,312705.0,2.0
2019-06-27,313200.0,318750.0,313200.0,318285.0,4.0
2019-06-28,319400.0,319960.0,317107.0,318350.0,3.0
2019-06-29,319944.0,320873.3333333333,318052.3333333333,319530.3333333333,3.333333333333333
2019-06-30,320488.0,321786.6666666666,318997.6666666666,320710.6666666666,3.666666666666667
2019-07-01,321032.0,322699.99999999994,319942.99999999994,321890.99999999994,4.0
2019-07-02,320600.0,323250.0,320413.0,321515.0,2.0
2019-07-03,321815.0,322900.0,319120.0,322900.0,2.0
2019-07-04,322207.5,323271.0,320019.0,323024.5,2.0
2019-07-05,322600.0,323642.0,320918.0,323149.0,2.0
2019-07-06,322200.0,323617.0,320936.6666666667,322916.3333333333,1.6666666666666667
2019-07-07,321800.0,323592.0,320955.3333333334,322683.6666666666,1.3333333333333337
2019-07-08,321400.0,323567.0,320974.00000000006,322450.99999999994,1.0000000000000002
2019-07-09,321000.0,322347.0,319500.0,322200.0,1.0
2019-07-10,322500.0,324711.0,320591.0,320591.0,2.0
2019-07-11,320905.0,321883.0,319453.0,319837.0,4.0
2019-07-12,319750.0,321093.0,318832.0,321093.0,1.0
2019-07-13,320333.3333333333,321228.6666666667,319039.6666666667,320828.6666666667,1.0
2019-07-14,320916.6666666666,321364.3333333334,319247.3333333334,320564.3333333334,1.0
2019-07-15,321499.99999999994,321500.00000000006,319455.00000000006,320300.00000000006,1.0
2019-07-16,321040.0,322300.0,319250.0,319273.0,2.0
2019-07-17,318325.0,318500.0,311115.0,311600.0,5.0
2019-07-18,310770.0,313595.0,310770.0,312003.0,6.0
2019-07-19,312600.0,312875.0,309200.0,309218.0,3.0
2019-07-20,311233.3333333333,311750.0,308341.0,308523.6666666667,3.0
2019-07-21,309866.6666666666,310625.0,307482.0,307829.3333333334,3.0
2019-07-22,308499.99999999994,309500.0,306623.0,307135.00000000006,3.0
2019-07-23,309192.0,309850.0,307600.0,309340.0,3.0
2019-07-24,308750.0,312000.0,308675.0,312000.0,2.0
2019-07-25,312000.0,312290.0,309980.0,310750.0,2.0
2019-07-26,310977.0,315000.0,310275.0,315000.0,2.0
2019-07-27,312262.3333333333,314944.3333333333,311175.6666666667,314509.6666666667,2.0
2019-07-28,313547.6666666666,314888.6666666666,312076.3333333334,314019.3333333334,2.0
2019-07-29,314832.99999999994,314832.99999999994,312977.00000000006,313529.00000000006,2.0
2019-07-30,311650.0,312822.0,310805.0,312430.0,2.0
2019-07-31,312000.0,314390.0,308666.0,308666.0,2.0
2019-08-01,310250.0,311000.0,303200.0,303660.0,3.0
2019-08-02,304170.0,306960.0,300132.0,306000.0,2.0
2019-08-03,302830.0,305470.0,299254.6666666667,303261.6666666667,3.0
2019-08-04,301490.0,303980.0,298377.3333333334,300523.3333333334,4.0
2019-08-05,300150.0,302490.0,297500.00000000006,297785.00000000006,5.0
2019-08-06,300000.0,316000.0,298255.0,302325.0,3.0
2019-08-07,298000.0,300196.0,294511.0,299182.0,3.0
2019-08-08,300000.0,302409.0,298700.0,301905.0,2.0
2019-08-09,301000.0,301910.0,298110.0,300435.0,3.0
2019-08-10,299950.0,301497.6666666667,297773.3333333333,299623.6666666667,2.333333333333333
2019-08-11,298900.0,301085.3333333334,297436.6666666666,298812.3333333334,1.666666666666667
2019-08-12,297850.0,300673.00000000006,297099.99999999994,298001.00000000006,1.0000000000000004
2019-08-13,297799.0,302828.0,297250.0,299510.0,2.0
2019-08-14,296100.0,296850.0,295000.0,295000.0,2.0
2019-08-15,296600.0,299500.0,296076.0,298067.0,2.0
2019-08-16,300260.0,301743.0,298687.0,300555.0,1.0
2019-08-17,301840.0,302828.6666666667,299476.3333333333,300841.3333333333,1.3333333333333333
2019-08-18,303420.0,303914.3333333334,300265.6666666666,301127.6666666666,1.6666666666666663
2019-08-19,305000.0,305000.00000000006,301054.99999999994,301413.99999999994,2.0
2019-08-20,300700.0,301045.0,297505.0,297505.0,1.0
2019-08-21,298700.0,300100.0,298567.0,299305.0,3.0
2019-08-22,300000.0,302801.0,300000.0,302260.0,3.0
2019-08-23,300200.0,301200.0,295405.0,296922.0,5.0
2019-08-24,299500.0,301099.6666666667,296116.6666666667,298247.6666666667,4.0
2019-08-25,298800.0,300999.3333333334,296828.3333333334,299573.3333333334,3.0
2019-08-26,298100.0,300899.00000000006,297540.00000000006,300899.00000000006,2.0
2019-08-27,300821.0,302000.0,298000.0,298420.0,2.0
2019-08-28,297955.0,301300.0,297387.0,300990.0,2.0
2019-08-29,303400.0,305975.0,303100.0,305040.0,3.0
2019-08-30,306750.0,306829.0,303078.0,303078.0,2.0
2019-08-31,305612.5,305851.75,302491.25,302647.5,2.0
2019-09-01,304475.0,304874.5,301904.5,302217.0,2.0
2019-09-02,303337.5,303897.25,301317.75,301786.5,2.0
2019-09-03,302200.0,302920.0,300731.0,301356.0,2.0
2019-09-04,304200.0,304419.0,302500.0,303300.0,1.0
2019-09-05,306000.0,309200.0,306000.0,306066.0,2.0
2019-09-06,307250.0,307775.0,306000.0,307260.0,2.0
2019-09-07,307766.3333333333,309058.6666666667,306933.0,308073.6666666667,2.0
2019-09-08,308282.6666666666,310342.3333333334,307866.0,308887.3333333334,2.0
2019-09-09,308798.99999999994,311626.00000000006,308799.0,309701.00000000006,2.0
2019-09-10,311100.0,312300.0,309400.0,311950.0,3.0
2019-09-11,312250.0,316500.0,311575.0,316230.0,4.0
2019-09-12,316970.0,319200.0,316675.0,317182.0,5.0
2019-09-13,319000.0,321833.0,318400.0,320850.0,4.0
2019-09-14,318700.3333333333,320589.0,317381.6666666667,319169.0,3.0
2019-09-15,318400.6666666666,319345.0,316363.3333333334,317488.0,2.0
2019-09-16,318100.99999999994,318101.0,315345.00000000006,315807.0,1.0
2019-09-17,315807.0,316666.0,313220.0,315744.0,2.0
2019-09-18,313950.0,317030.0,313950.0,317030.0,2.0
2019-09-19,316400.0,317100.0,313500.0,315000.0,1.0
2019-09-20,315000.0,315000.0,311500.0,313700.0,4.0
2019-09-21,313716.6666666667,314411.6666666667,310990.3333333333,313541.6666666667,3.333333333333333
2019-09-22,312433.3333333334,313823.3333333334,310480.6666666666,313383.3333333334,2.666666666666667
2019-09-23,311150.00000000006,313235.00000000006,309970.99999999994,313225.00000000006,2.0000000000000004
2019-09-24,312000.0,313423.0,308885.0,310356.0,2.0
2019-09-25,309750.0,312330.0,309700.0,311906.0,1.0
2019-09-26,311906.0,311906.0,309671.0,310250.0,3.0
2019-09-27,311880.0,312325.0,310055.0,311450.0,1.0
2019-09-28,311736.6666666667,312540.0,310500.0,311577.3333333333,1.3333333333333333
2019-09-29,311593.3333333334,312755.0,310945.0,311704.6666666666,1.6666666666666663
2019-09-30,311450.00000000006,312970.0,311390.0,311831.99999999994,2.0
2019-10-01,313100.0,314605.0,309830.0,310005.0,2.0
2019-10-02,308600.0,308600.0,303665.0,305090.0,7.0
2019-10-03,304585.0,307600.0,302260.0,307250.0,6.0
2019-10-04,307887.0,312524.0,307887.0,312524.0,2.0
2019-10-05,308924.6666666667,312469.3333333333,308443.0,311922.6666666667,1.6666666666666667
2019-10-06,309962.3333333334,312414.6666666666,308999.0,311321.3333333334,1.3333333333333337
2019-10-07,311000.00000000006,312359.99999999994,309555.0,310720.00000000006,1.0000000000000002
2019-10-08,309400.0,309400.0,306040.0,306539.0,4.0
2019-10-09,307660.0,310815.0,307133.0,310000.0,2.0
2019-10-10,309700.0,312120.0,309540.0,309974.0,2.0
2019-10-11,313270.0,315000.0,312120.0,312500.0,4.0
2019-10-12,312746.6666666667,313990.3333333333,311580.0,312213.3333333333,3.0
2019-10-13,312223.3333333334,312980.6666666666,311040.0,311926.6666666666,2.0
2019-10-14,311700.00000000006,311970.99999999994,310500.0,311639.99999999994,1.0
2019-10-15,311583.0,315287.0,311567.0,314250.0,3.0
2019-10-16,312725.0,314925.0,312725.0,313850.0,2.0
2019-10-17,313640.0,314900.0,312970.0,313200.0,2.0
2019-10-18,312807.0,314400.0,312595.0,313270.0,2.0
2019-10-19,313629.6666666667,315311.0,313488.3333333333,314526.6666666667,2.333333333333333
2019-10-20,314452.3333333334,316222.0,314381.6666666666,315783.3333333334,2.666666666666667
2019-10-21,315275.00000000006,317133.0,315274.99999999994,317040.00000000006,3.0000000000000004
2019-10-22,316300.0,317867.0,315888.0,316180.0,1.0
2019-10-23,316000.0,316560.0,314398.0,316560.0,3.0
2019-10-24,315250.0,316855.0,314619.0,315027.0,3.0
2019-10-25,315250.0,318419.0,315250.0,317495.0,4.0
2019-10-26,316166.6666666667,318920.3333333333,316166.6666666667,318015.0,4.0
2019-10-27,317083.3333333334,319421.6666666666,317083.3333333334,318535.0,4.0
2019-10-28,318000.00000000006,319922.99999999994,318000.00000000006,319055.0,4.0
2019-10-29,318200.0,319772.0,318000.0,319423.0,5.0
2019-10-30,318735.0,320015.0,317490.0,320000.0,4.0
2019-10-31,319819.0,320500.0,317310.0,318939.0,5.0
2019-11-01,320250.0,324850.0,320000.0,323400.0,5.0
2019-11-02,322450.0,325855.6666666667,321841.0,324533.3333333333,4.333333333333333
2019-11-03,324650.0,326861.3333333334,323682.0,325666.6666666666,3.6666666666666665
2019-11-04,326850.0,327867.00000000006,325523.0,326799.99999999994,3.0
2019-11-05,328000.0,332500.0,327500.0,331500.0,8.0
2019-11-06,331000.0,333000.0,330500.0,332855.0,4.0
2019-11-07,333720.0,335000.0,332600.0,333860.0,5.0
2019-11-08,333225.0,333234.0,329975.0,331526.0,2.0
2019-11-09,332276.6666666667,332706.0,330110.0,331346.0,1.6666666666666667
2019-11-10,331328.3333333334,332178.0,330245.0,331166.0,1.3333333333333337
2019-11-11,330380.00000000006,331650.0,330380.0,330986.0,1.0000000000000002
2019-11-12,331850.0,333171.0,330950.0,331106.0,1.0
2019-11-13,329150.0,330025.0,328240.0,329402.0,2.0
2019-11-14,329500.0,329892.0,327120.0,329302.0,2.0
2019-11-15,329400.0,330269.0,328455.0,329405.0,3.0
2019-11-16,329600.0,330346.0,328236.6666666667,329345.0,2.6666666666666665
2019-11-17,329800.0,330423.0,328018.3333333334,329285.0,2.333333333333333
2019-11-18,330000.0,330500.0,327800.00000000006,329225.0,2.0
2019-11-19,329860.0,329900.0,328315.0,328601.0,3.0
2019-11-20,327600.0,327770.0,324200.0,326712.0,3.0
2019-11-21,326000.0,326703.0,324580.0,325102.0,2.0
2019-11-22,325695.0,326975.0,325305.0,326962.0,1.0
2019-11-23,326463.3333333333,327616.6666666667,326043.6666666667,327408.3333333333,1.3333333333333333
2019-11-24,327231.6666666666,328258.3333333334,326782.3333333334,327854.6666666666,1.6666666666666663
2019-11-25,327999.99999999994,328900.00000000006,327521.00000000006,328300.99999999994,2.0
2019-11-26,328301.0,328794.0,326780.0,328402.0,2.0
2019-11-27,328875.0,330910.0,327720.0,330685.0,3.0
2019-11-28,329649.5,330895.0,328712.5,330590.0,3.0
2019-11-29,330424.0,330880.0,329705.0,330495.0,3.0
2019-11-30,330550.0,331256.0,329928.0,330533.0,3.0
2019-12-01,330676.0,331632.0,330151.0,330571.0,3.0
2019-12-02,330802.0,332008.0,330374.0,330609.0,3.0
2019-12-03,327600.0,328000.0,324900.0,327539.0,2.0
2019-12-04,326782.0,328100.0,326780.0,327501.0,2.0
2019-12-05,328200.0,329799.0,327500.0,329799.0,2.0
2019-12-06,332870.0,334460.0,332600.0,333640.0,4.0
2019-12-07,333126.6666666667,334639.3333333333,332323.3333333333,333061.3333333333,3.333333333333333
2019-12-08,333383.3333333334,334818.6666666666,332046.6666666666,332482.6666666666,2.666666666666667
2019-12-09,333640.00000000006,334997.99999999994,331769.99999999994,331903.99999999994,2.0000000000000004
2019-12-10,331904.0,333005.0,330670.0,332120.0,5.0
2019-12-11,331424.0,333900.0,331424.0,333600.0,3.0
2019-12-12,334330.0,339770.0,334330.0,338800.0,6.0
2019-12-13,337754.0,339704.0,336000.0,338080.0,2.0
2019-12-14,338452.6666666667,340397.6666666667,337104.3333333333,338846.6666666667,2.333333333333333
2019-12-15,339151.3333333334,341091.3333333334,338208.6666666666,339613.3333333334,2.666666666666667
2019-12-16,339850.00000000006,341785.00000000006,339312.99999999994,340380.00000000006,3.0000000000000004
2019-12-17,340807.0,342250.0,339000.0,339000.0,3.0
2019-12-18,340250.0,340646.0,337400.0,337500.0,2.0
2019-12-19,337320.0,338499.0,336065.0,337491.0,5.0
2019-12-20,340219.0,341755.0,338567.0,339850.0,3.0
2019-12-21,339812.6666666667,341120.0,338255.6666666667,339248.3333333333,2.6666666666666665
2019-12-22,339406.3333333334,340485.0,337944.3333333334,338646.6666666666,2.333333333333333
2019-12-23,339000.00000000006,339850.0,337633.00000000006,338044.99999999994,2.0
2019-12-24,337920.0,338390.0,337649.0,338390.0,1.0
2019-12-25,338822.5,339057.5,338044.0,339020.0,1.0
2019-12-26,339725.0,339725.0,338439.0,339650.0,1.0
2019-12-27,339600.0,340550.0,338340.0,338920.0,2.0
2019-12-28,339400.0,340353.3333333333,337901.6666666667,338863.3333333333,2.333333333333333
2019-12-29,339200.0,340156.6666666666,337463.3333333334,338806.6666666666,2.666666666666667
2019-12-30,339000.0,339959.99999999994,337025.00000000006,338749.99999999994,3.0000000000000004
2019-12-31,338750.0,340000.0,337920.0,339590.0,1.0
2020-01-01,339950.0,341130.5,338992.5,340925.5,2.5
2020-01-02,341150.0,342261.0,340065.0,342261.0,4.0
2020-01-03,338207.0,341040.0,337755.0,339155.0,2.0
2020-01-04,338054.6666666667,340806.6666666667,337536.6666666667,339506.6666666667,2.333333333333333
2020-01-05,337902.3333333334,340573.3333333334,337318.3333333334,339858.3333333334,2.666666666666667
2020-01-06,337750.00000000006,340340.00000000006,337100.00000000006,340210.00000000006,3.0000000000000004
2020-01-07,340000.0,340000.0,338200.0,338901.0,3.0
2020-01-08,339450.0,341580.0,338850.0,339188.0,2.0
2020-01-09,341100.0,343263.0,340800.0,343263.0,3.0
2020-01-10,342796.0,342850.0,340000.0,340185.0,1.0
2020-01-11,342064.0,342851.6666666667,339853.3333333333,341075.0,1.3333333333333333
2020-01-12,341332.0,342853.3333333334,339706.6666666666,341965.0,1.6666666666666663
2020-01-13,340600.0,342855.00000000006,339559.99999999994,342855.0,2.0
2020-01-14,341101.0,342500.0,340490.0,340706.0,2.0
2020-01-15,340450.0,342950.0,340450.0,342550.0,1.0
2020-01-16,343155.0,345000.0,342806.0,344505.0,2.0
2020-01-17,345000.0,347400.0,344550.0,344970.0,2.0
2020-01-18,345000.0,347225.0,343958.75,344390.0,2.25
2020-01-19,345000.0,347050.0,343367.5,343810.0,2.5
2020-01-20,345000.0,346875.0,342776.25,343230.0,2.75
2020-01-21,345000.0,346700.0,342185.0,342650.0,3.0
2020-01-22,343100.0,345500.0,342680.0,344700.0,2.0
2020-01-23,343596.0,344600.0,341150.0,344414.0,2.0
2020-01-24,342850.0,343520.0,339139.0,340199.0,3.0
2020-01-25,340050.0,340830.0,336759.3333333333,338006.3333333333,3.6666666666666665
2020-01-26,337250.0,338140.0,334379.6666666666,335813.6666666666,4.333333333333333
2020-01-27,334450.0,335450.0,331999.99999999994,333620.99999999994,5.0
2020-01-28,335600.0,338000.0,335032.0,336000.0,2.0
2020-01-29,336250.0,339400.0,336250.0,336476.0,1.0
2020-01-30,334360.0,342000.0,334360.0,342000.0,2.0
2020-01-31,339855.0,339855.0,335120.0,335996.0,3.0
2020-02-01,339290.0,339720.0,334940.0,335617.3333333333,2.6666666666666665
2020-02-02,338725.0,339585.0,334760.0,335238.6666666666,2.333333333333333
2020-02-03,338160.0,339450.0,334580.0,334859.99999999994,2.0
2020-02-04,339220.0,340296.0,337280.0,337421.0,2.0
2020-02-05,340400.0,342910.0,340359.0,342615.0,3.0
2020-02-06,344290.0,345000.0,343070.0,344081.0,2.0
2020-02-07,342000.0,342775.0,340345.0,340900.0,2.0
2020-02-08,341634.6666666667,342209.3333333333,339563.3333333333,340720.3333333333,2.0
2020-02-09,341269.3333333334,341643.6666666666,338781.6666666666,340540.6666666666,2.0
2020-02-10,340904.00000000006,341077.99999999994,337999.99999999994,340360.99999999994,2.0
2020-02-11,342350.0,342350.0,340461.0,340780.0,2.0
2020-02-12,341900.0,343146.0,340404.0,341000.0,2.0
2020-02-13,340500.0,341048.0,338500.0,338500.0,3.0
2020-02-14,339488.0,340600.0,338437.0,340224.0,1.0
2020-02-15,339672.0,340700.0,338327.75,340104.25,1.25
2020-02-16,339856.0,340800.0,338218.5,339984.5,1.5
2020-02-17,340040.0,340900.0,338109.25,339864.75,1.75
2020-02-18,340224.0,341000.0,338000.0,339745.0,2.0
2020-02-19,340656.0,344428.0,340317.0,344000.0,3.0
2020-02-20,343750.0,344642.0,340965.0,342122.0,3.0
2020-02-21,341850.0,344975.0,340600.0,343449.0,2.0
2020-02-22,339566.6666666667,342037.6666666667,337380.0,340029.3333333333,3.666666666666667
2020-02-23,337283.3333333334,339100.3333333334,334160.0,336609.6666666666,5.333333333333334
2020-02-24,335000.00000000006,336163.00000000006,330940.0,333189.99999999994,7.000000000000001
2020-02-25,333195.0,335000.0,325900.0,328000.0,6.0
2020-02-26,328200.0,330603.0,324301.0,324301.0,4.0
2020-02-27,320480.0,322292.0,312501.0,312619.0,5.0
2020-02-28,304000.0,310337.0,300750.0,309096.0,7.0
2020-02-29,307333.3333333333,316203.6666666667,303200.0,314230.6666666667,6.333333333333333
2020-03-01,310666.6666666666,322070.3333333334,305650.0,319365.3333333334,5.666666666666666
2020-03-02,313999.99999999994,327937.00000000006,308100.0,324500.00000000006,4.999999999999999
2020-03-03,322550.0,327000.0,310000.0,313914.0,4.0
2020-03-04,321000.0,327246.0,314607.0,326125.0,4.0
2020-03-05,318605.0,318605.0,311250.0,315000.0,4.0
2020-03-06,309000.0,311258.0,304767.0,310894.0,5.0
2020-03-07,303433.3333333333,307062.0,299844.6666666667,303931.0,7.0
2020-03-08,297866.6666666666,302866.0,294922.3333333334,296968.0,9.0
2020-03-09,292299.99999999994,298670.0,290000.00000000006,290005.0,11.0
2020-03-10,301950.0,304199.0,293500.0,303561.0,7.0
2020-03-11,296550.0,297473.0,290400.0,292130.0,6.0
2020-03-12,276550.0,282000.0,266800.0,272000.0,19.0
2020-03-13,283500.0,295972.0,270210.0,289000.0,11.0
2020-03-14,275666.6666666667,291808.0,266806.6666666667,282000.0,9.666666666666666
2020-03-15,267833.3333333334,287644.0,263403.3333333334,275000.0,8.333333333333332
2020-03-16,260000.00000000003,283480.0,260000.00000000003,268000.0,6.999999999999999
2020-03-17,275000.0,280619.0,268000.0,280248.0,12.0
2020-03-18,266000.0,270874.0,251101.0,256300.0,15.0
2020-03-19,251100.0,264440.0,250000.0,261690.0,11.0
2020-03-20,265000.0,265000.0,251000.0,257346.0,12.0
2020-03-21,259666.66666666663,260000.0,247146.66666666663,251564.0,12.333333333333334
2020-03-22,254333.3333333333,255000.0,243293.3333333333,245782.0,12.666666666666668
2020-03-23,249000.0,250000.0,239440.0,240000.0,13.000000000000002
2020-03-24,255226.0,268500.0,254500.0,267090.0,12.0
2020-03-25,269200.0,283325.0,262710.0,270759.0,10.0
2020-03-26,270800.0,277163.0,269500.0,276095.0,8.0
2020-03-27,267600.0,276363.0,265337.0,268126.0,6.0
2020-03-28,268203.3333333333,276242.0,265898.0,270091.0,5.333333333333333
2020-03-29,268806.6666666666,276121.0,266459.0,272056.0,4.666666666666666
2020-03-30,269409.99999999994,276000.0,267020.0,274021.0,4.0
2020-03-31,272636.0,279140.0,270845.0,272000.0,5.0
2020-04-01,265900.0,267850.0,261180.0,261250.0,9.0
2020-04-02,262131.0,271475.0,261895.0,271475.0,9.0
2020-04-03,268700.0,270205.0,263242.0,267954.0,3.0
2020-04-04,270133.6666666667,273303.3333333333,265976.0,271056.0,4.0
2020-04-05,271567.3333333334,276401.6666666666,268710.0,274158.0,5.0
2020-04-06,273001.00000000006,279499.99999999994,271444.0,277260.0,6.0
2020-04-07,285010.0,287000.0,276700.0,276700.0,7.0
2020-04-08,280850.0,287000.0,278280.0,286999.0,4.0
2020-04-09,290950.0,295765.0,287220.0,290500.0,6.0
2020-04-10,290950.0,294561.25,285180.0,288575.0,6.0
2020-04-11,290950.0,293357.5,283140.0,286650.0,6.0
2020-04-12,290950.0,292153.75,281100.0,284725.0,6.0
2020-04-13,290950.0,290950.0,279060.0,282800.0,6.0
2020-04-14,291400.0,291533.0,286393.0,289730.0,7.0
2020-04-15,284500.0,284500.0,281201.0,283750.0,6.0
2020-04-16,283750.0,283751.0,278800.0,282282.0,8.0
2020-04-17,289585.0,289585.0,283600.0,284400.0,8.0
2020-04-18,287123.3333333333,287656.6666666667,282733.3333333333,283866.6666666667,7.666666666666667
2020-04-19,284661.6666666666,285728.3333333334,281866.6666666666,283333.3333333334,7.333333333333334
2020-04-20,282199.99999999994,283800.00000000006,280999.99999999994,282800.00000000006,7.000000000000001
2020-04-21,275950.0,278610.0,275000.0,275750.0,7.0
2020-04-22,280000.0,280888.0,278000.0,279660.0,7.0
2020-04-23,280000.0,280888.0,277268.0,278750.0,6.0
2020-04-24,280100.0,280130.0,276602.0,279460.0,5.0
2020-04-25,280370.3333333333,281433.0,277686.3333333333,280061.3333333333,6.0
2020-04-26,280640.6666666666,282736.0,278770.6666666666,280662.6666666666,7.0
2020-04-27,280910.99999999994,284039.0,279854.99999999994,281263.99999999994,8.0
2020-04-28,285400.0,286480.0,280600.0,280600.0,6.0
2020-04-29,286400.0,288888.0,283800.0,284749.0,8.0
2020-04-30,283200.0,284453.0,280280.0,281700.0,5.0
2020-05-01,278121.0,278710.0,272520.0,273975.0,6.0
2020-05-02,275414.0,275806.6666666667,270013.3333333333,271676.6666666667,6.0
2020-05-03,272707.0,272903.3333333334,267506.6666666666,269378.3333333334,6.0
2020-05-04,270000.0,270000.00000000006,264999.99999999994,267080.00000000006,6.0
2020-05-05,269999.0,270000.0,264280.0,264280.0,5.0
2020-05-06,265000.0,266400.0,259100.0,259100.0,5.0
2020-05-07,260110.0,263710.0,260110.0,260750.0,4.0
2020-05-08,264566.0,266105.0,261990.0,265280.0,3.0
2020-05-09,264484.0,265536.0,261627.0,264053.6666666667,3.333333333333333
2020-05-10,264402.0,264967.0,261264.0,262827.3333333334,3.666666666666667
2020-05-11,264320.0,264398.0,260901.0,261601.00000000003,4.0
2020-05-12,262701.0,263800.0,260000.0,260000.0,3.0
2020-05-13,259499.0,259499.0,255000.0,255715.0,6.0
2020-05-14,254000.0,257262.0,250926.0,256230.0,4.0
2020-05-15,254586.0,256100.0,252801.0,253501.0,3.0
2020-05-16,256390.66666666663,259067.3333333333,254704.3333333333,256634.0,4.0
2020-05-17,258195.3333333333,262034.6666666667,256607.6666666667,259767.0,5.0
2020-05-18,260000.0,265002.0,258511.00000000003,262900.0,6.0
2020-05-19,260800.0,262200.0,258700.0,258700.0,3.0
2020-05-20,261880.0,265130.0,261500.0,264100.0,2.0
2020-05-21,264200.0,264930.0,261641.0,261906.0,3.0
2020-05-22,262000.0,263094.0,259990.0,263094.0,3.0
2020-05-23,263975.0,265445.5,262016.25,264903.0,3.75
2020-05-24,265950.0,267797.0,264042.5,266712.0,4.5
2020-05-25,267925.0,270148.5,266068.75,268521.0,5.25
2020-05-26,269900.0,272500.0,268095.0,270330.0,6.0
2020-05-27,276755.0,279000.0,275850.0,278495.0,5.0
2020-05-28,280899.0,280899.0,276000.0,277035.0,4.0
2020-05-29,275000.0,278640.0,273850.0,278640.0,4.0
2020-05-30,276055.6666666667,278482.3333333333,274233.3333333333,277626.6666666667,3.6666666666666665
2020-05-31,277111.3333333334,278324.6666666666,274616.6666666666,276613.3333333334,3.333333333333333
2020-06-01,278167.00000000006,278166.99999999994,274999.99999999994,275600.00000000006,3.0
2020-06-02,275601.0,279410.0,275601.0,278560.0,4.0
2020-06-03,283100.0,287370.0,281800.0,286090.0,4.0
2020-06-04,285804.0,288000.0,284377.0,287878.0,3.0
2020-06-05,294505.0,302095.0,294200.0,300920.0,6.0
2020-06-06,297534.6666666667,303060.0,295933.3333333333,301358.3333333333,6.0
2020-06-07,300564.3333333334,304025.0,297666.6666666666,301796.6666666666,6.0
2020-06-08,303594.00000000006,304990.0,299399.99999999994,302234.99999999994,6.0
2020-06-09,295501.0,298220.0,293799.0,293955.0,4.0
2020-06-10,293900.0,294493.0,287200.0,287200.0,4.0
2020-06-11,277750.0,280280.0,267000.0,267729.0,9.0
2020-06-12,275730.0,276800.0,267593.0,271515.0,6.0
2020-06-13,272620.0,275376.6666666667,266405.3333333333,271662.0,6.666666666666667
2020-06-14,269510.0,273953.3333333334,265217.6666666666,271809.0,7.333333333333334
2020-06-15,266400.0,272530.00000000006,264029.99999999994,271956.0,8.0
2020-06-16,279945.0,279945.0,270000.0,273480.0,9.0
2020-06-17,274849.0,275000.0,270870.0,275000.0,8.0
2020-06-18,270500.0,273000.0,269300.0,273000.0,8.0
2020-06-19,274160.0,274429.0,268807.0,271600.0,9.0
2020-06-20,272455.6666666667,273619.3333333333,268604.6666666667,271733.3333333333,9.0
2020-06-21,270751.3333333334,272809.6666666666,268402.3333333334,271866.6666666666,9.0
2020-06-22,269047.00000000006,271999.99999999994,268200.00000000006,271999.99999999994,9.0
2020-06-23,272750.0,273790.0,271115.0,272700.0,9.0
2020-06-24,269800.0,269800.0,266200.0,266440.0,7.0
2020-06-25,265000.0,269678.0,264611.0,267840.0,4.0
2020-06-26,267500.0,268109.0,262700.0,263400.0,8.0
2020-06-27,266440.0,267340.3333333333,263000.0,264006.3333333333,6.666666666666667
2020-06-28,265380.0,266571.6666666666,263300.0,264612.6666666666,5.333333333333334
2020-06-29,264320.0,265802.99999999994,263600.0,265218.99999999994,4.000000000000001
2020-06-30,265400.0,268600.0,265067.0,267300.0,5.0
2020-07-01,267600.0,270500.0,266357.0,267020.0,4.0
2020-07-02,270800.0,271500.0,267420.0,267551.0,5.0
2020-07-03,271645.0,272395.0,268715.0,269175.75,5.0
2020-07-04,272490.0,273290.0,270010.0,270800.5,5.0
2020-07-05,273335.0,274185.0,271305.0,272425.25,5.0
2020-07-06,274180.0,275080.0,272600.0,274050.0,5.0
2020-07-07,272830.0,273870.0,271057.0,271640.0,4.0
2020-07-08,271000.0,273664.0,270076.0,271770.0,3.0
2020-07-09,271770.0,272220.0,267307.0,268780.0,4.0
2020-07-10,268238.0,274450.0,268000.0,273900.0,3.0
2020-07-11,270672.0,275846.6666666667,270366.6666666667,274605.0,3.6666666666666665
2020-07-12,273106.0,277243.3333333334,272733.3333333334,275310.0,4.333333333333333
2020-07-13,275540.0,278640.00000000006,275100.00000000006,276015.0,5.0
2020-07-14,274000.0,285000.0,274000.0,284780.0,4.0
2020-07-15,289500.0,289730.0,283620.0,285520.0,5.0
2020-07-16,282560.0,287770.0,282560.0,286271.0,3.0
2020-07-17,287540.0,288170.0,285972.0,286140.0,3.0
2020-07-18,286826.6666666667,287746.6666666667,285464.6666666667,285956.6666666667,2.6666666666666665
2020-07-19,286113.3333333334,287323.3333333334,284957.3333333334,285773.3333333334,2.333333333333333
2020-07-20,285400.00000000006,286900.00000000006,284450.00000000006,285590.00000000006,2.0
2020-07-21,286721.0,290170.0,286600.0,288201.0,5.0
2020-07-22,287000.0,288319.0,286211.0,287961.0,2.0
2020-07-23,287961.0,290084.0,287436.0,289436.0,3.0
2020-07-24,290684.0,294254.0,290521.0,291621.0,3.0
2020-07-25,290652.6666666667,293066.6666666667,289630.6666666667,290449.6666666667,3.0
2020-07-26,290621.3333333334,291879.3333333334,288740.3333333334,289278.3333333334,3.0
2020-07-27,290590.00000000006,290692.00000000006,287850.00000000006,288107.00000000006,3.0
2020-07-28,286000.0,291720.0,286000.0,290940.0,3.0
2020-07-29,290940.0,294870.0,290940.0,294496.0,3.0
2020-07-30,290335.0,291927.0,288610.0,291362.0,2.0
2020-07-31,291750.0,293798.0,290150.0,293631.0,3.0
2020-08-01,292833.3333333333,296198.6666666667,291603.3333333333,295354.0,3.6666666666666665
2020-08-02,293916.6666666666,298599.3333333334,293056.6666666666,297077.0,4.333333333333333
2020-08-03,294999.99999999994,301000.00000000006,294509.99999999994,298800.0,5.0
2020-08-04,298000.0,300330.0,297470.0,300330.0,3.0
2020-08-05,301871.0,306970.0,301200.0,305200.0,6.0
2020-08-06,305000.0,308000.0,304820.0,307455.0,414.0
2020-08-07,305681.0,314365.0,305681.0,314334.0,4.0
2020-08-08,309394.0,315993.3333333333,308534.0,315832.6666666667,4.0
2020-08-09,313107.0,317621.6666666666,311387.0,317331.3333333334,4.0
2020-08-10,316820.0,319249.99999999994,314240.0,318830.00000000006,4.0
2020-08-11,322500.0,323500.0,318500.0,319380.0,5.0
2020-08-12,320255.0,321229.0,318801.0,320000.0,4.0
2020-08-13,318500.0,319810.0,317471.0,318114.0,3.0
2020-08-14,317300.0,318000.0,315402.0,316251.0,2.0
2020-08-15,316579.6666666667,317166.6666666667,313517.0,314240.6666666667,2.6666666666666665
2020-08-16,315859.3333333334,316333.3333333334,311632.0,312230.3333333334,3.333333333333333
2020-08-17,315139.00000000006,315500.00000000006,309747.0,310220.00000000006,4.0
2020-08-18,310910.0,314800.0,310700.0,313419.0,2.0
2020-08-19,313745.0,315300.0,310412.0,310800.0,3.0
2020-08-20,307376.0,310107.0,307376.0,309300.0,3.0
2020-08-21,309000.0,312600.0,309000.0,311126.0,4.0
2020-08-22,311033.3333333333,315066.6666666667,310833.6666666667,313684.0,4.0
2020-08-23,313066.6666666666,317533.3333333334,312667.3333333334,316242.0,4.0
2020-08-24,315099.99999999994,320000.00000000006,314501.00000000006,318800.0,4.0
2020-08-25,320300.0,321001.0,319534.0,319970.0,3.0
2020-08-26,319600.0,323939.0,318900.0,322301.0,4.0
2020-08-27,323700.0,327000.0,323700.0,325659.0,6.0
2020-08-28,325950.0,328279.0,323570.0,327431.0,3.0
2020-08-29,326466.6666666667,328619.0,324680.0,327474.0,3.6666666666666665
2020-08-30,326983.3333333334,328959.0,325790.0,327517.0,4.333333333333333
2020-08-31,327500.00000000006,329299.0,326900.0,327560.0,5.0
2020-09-01,325500.0,327560.0,325336.0,327440.0,3.0
2020-09-02,328175.0,333010.0,327507.0,332840.0,4.0
2020-09-03,332850.0,334960.0,325522.0,327360.0,6.0
2020-09-04,330000.0,332674.0,323364.0,327401.0,4.0
2020-09-05,328735.0,331720.25,323380.75,327350.75,4.0
2020-09-06,327470.0,330766.5,323397.5,327300.5,4.0
2020-09-07,326205.0,329812.75,323414.25,327250.25,4.0
2020-09-08,324940.0,328859.0,323431.0,327200.0,4.0
2020-09-09,328500.0,332482.0,328175.0,329760.0,4.0
2020-09-10,330200.0,331000.0,326156.0,327214.0,4.0
2020-09-11,328240.0,328946.0,325607.0,327115.0,4.0
2020-09-12,328303.3333333333,329964.0,326245.0,327985.0,4.333333333333333
2020-09-13,328366.6666666666,330982.0,326883.0,328855.0,4.666666666666666
2020-09-14,328429.99999999994,332000.0,327521.0,329725.0,4.999999999999999
2020-09-15,330545.0,332500.0,328016.0,328804.0,4.0
2020-09-16,331000.0,333300.0,329312.0,329801.0,6.0
2020-09-17,327000.0,328225.0,325234.0,326401.0,4.0
2020-09-18,328300.0,331660.0,327000.0,327601.0,8.0
2020-09-19,325955.3333333333,328773.3333333333,322526.6666666667,324912.0,7.0
2020-09-20,323610.6666666666,325886.6666666666,318053.3333333334,322223.0,6.0
2020-09-21,321265.99999999994,322999.99999999994,313580.00000000006,319534.0,5.0
2020-09-22,320500.0,322000.0,318017.0,320601.0,3.0
2020-09-23,321485.0,322284.0,314540.0,314840.0,2.0
2020-09-24,313203.0,315500.0,310644.0,313780.0,3.0
2020-09-25,311450.0,316562.0,310591.0,315156.0,2.0
2020-09-26,314266.6666666667,318807.0,313294.6666666667,316791.0,3.0
2020-09-27,317083.3333333334,321052.0,315998.3333333334,318426.0,4.0
2020-09-28,319900.00000000006,323297.0,318702.00000000006,320061.0,5.0
2020-09-29,321900.0,321900.0,315200.0,315891.0,6.0
2020-09-30,318800.0,320500.0,316491.0,320001.0,7.0
2020-10-01,321219.0,321219.0,316203.0,318600.0,6.0
2020-10-02,315415.0,320575.0,314612.0,317480.0,3.0
2020-10-03,316845.6666666667,320716.6666666667,315808.6666666667,317986.6666666667,3.0
2020-10-04,318276.3333333334,320858.3333333334,317005.3333333334,318493.3333333334,3.0
2020-10-05,319707.00000000006,321000.00000000006,318202.00000000006,319000.00000000006,3.0
2020-10-06,319000.0,320400.0,315100.0,315350.0,3.0
2020-10-07,319000.0,322089.0,317602.0,319571.0,2.0
2020-10-08,321125.0,323670.0,320447.0,323275.0,3.0
2020-10-09,323709.0,324537.0,321687.0,323470.0,2.0
2020-10-10,324022.6666666667,325074.6666666667,322250.6666666667,323833.3333333333,2.0
2020-10-11,324336.3333333334,325612.3333333334,322814.3333333334,324196.6666666666,2.0
2020-10-12,324650.00000000006,326150.00000000006,323378.00000000006,324559.99999999994,2.0
2020-10-13,324000.0,324000.0,318400.0,318969.0,3.0
2020-10-14,319088.0,319088.0,316080.0,316080.0,3.0
2020-10-15,314750.0,318200.0,312980.0,317540.0,1.0
2020-10-16,319000.0,320761.0,318217.0,318504.0,2.0
2020-10-17,318939.6666666667,320113.6666666667,316459.6666666667,316836.0,2.333333333333333
2020-10-18,318879.3333333334,319466.3333333334,314702.3333333334,315168.0,2.666666666666667
2020-10-19,318819.00000000006,318819.00000000006,312945.00000000006,313500.0,3.0000000000000004
2020-10-20,316184.0,317280.0,314621.0,315375.0,2.0
2020-10-21,313500.0,317500.0,313450.0,315206.0,2.0
2020-10-22,314680.0,317619.0,314380.0,317180.0,2.0
2020-10-23,318672.0,320999.0,317991.0,319344.0,3.0
2020-10-24,317398.0,319166.0,315694.0,317141.0,3.0
2020-10-25,316124.0,317333.0,313397.0,314938.0,3.0
2020-10-26,314850.0,315500.0,311100.0,312735.0,3.0
2020-10-27,311630.0,313142.0,310540.0,310540.0,2.0
2020-10-28,304720.0,305995.0,300090.0,301740.0,5.0
2020-10-29,300420.0,304907.0,297817.0,303000.0,2.0
2020-10-30,300060.0,303700.0,298806.0,302500.0,2.0
2020-10-31,302540.0,305647.3333333333,300951.3333333333,303791.6666666667,2.0
2020-11-01,305020.0,307594.6666666666,303096.6666666666,305083.3333333334,2.0
2020-11-02,307500.0,309541.99999999994,305241.99999999994,306375.00000000006,2.0
2020-11-03,312300.0,314780.0,310000.0,310659.0,4.0
2020-11-04,310194.0,315300.0,307830.0,309503.0,2.0
2020-11-05,314269.0,316426.0,311284.0,311934.0,2.0
2020-11-06,312250.0,315310.0,311917.0,313885.0,2.0
2020-11-07,319166.6666666667,322740.0,316955.6666666667,319456.6666666667,5.0
2020-11-08,326083.3333333334,330170.0,321994.3333333334,325028.3333333334,8.0
2020-11-09,333000.00000000006,337600.0,327033.00000000006,330600.00000000006,11.0
2020-11-10,332000.0,343000.0,331977.0,343000.0,6.0
2020-11-11,342433.0,343705.0,338224.0,341260.0,4.0
2020-11-12,337800.0,338339.0,335186.0,336811.0,3.0
2020-11-13,338000.0,342269.0,338000.0,341754.0,3.0
2020-11-14,340333.3333333333,344846.0,340282.0,344349.3333333333,4.333333333333333
2020-11-15,342666.6666666666,347423.0,342564.0,346944.6666666666,5.666666666666666
2020-11-16,344999.99999999994,350000.0,344846.0,349539.99999999994,6.999999999999999
2020-11-17,347000.0,352500.0,345417.0,349546.0,6.0
2020-11-18,351900.0,351900.0,345500.0,345592.0,3.0
2020-11-19,343634.0,345000.0,341897.0,345000.0,2.0
2020-11-20,343800.0,344849.0,340728.0,341339.0,2.0
2020-11-21,343700.0,345143.6666666667,341278.6666666667,342364.3333333333,2.333333333333333
2020-11-22,343600.0,345438.3333333334,341829.3333333334,343389.6666666666,2.666666666666667
2020-11-23,343500.0,345733.00000000006,342380.00000000006,344414.99999999994,3.0000000000000004
2020-11-24,349580.0,352450.0,347310.0,351101.0,4.0
2020-11-25,350939.0,351000.0,348446.0,350395.0,3.0
2020-11-26,350691.5,351020.0,347323.0,348898.0,2.5
2020-11-27,350444.0,351040.0,346200.0,347401.0,2.0
2020-11-28,348962.6666666667,349459.6666666667,345024.0,346163.3333333333,2.0
2020-11-29,347481.3333333334,347879.3333333334,343848.0,344925.6666666666,2.0
2020-11-30,346000.00000000006,346299.00000000006,342672.0,343687.99999999994,2.0
2020-12-01,346480.0,348272.0,344479.0,344735.0,2.0
2020-12-02,344300.0,345929.0,342900.0,345880.0,3.0
2020-12-03,345500.0,347300.0,343602.0,346690.0,2.0
2020-12-04,347000.0,348000.0,345900.0,347000.0,6.0
2020-12-05,346261.6666666667,347166.6666666667,344800.0,345846.3333333333,6.0
2020-12-06,345523.3333333334,346333.3333333334,343700.0,344692.6666666666,6.0
2020-12-07,344785.00000000006,345500.00000000006,342600.0,343538.99999999994,6.0
2020-12-08,341888.0,343191.0,340126.0,342281.0,3.0
2020-12-09,342526.0,343000.0,340300.0,340501.0,3.0
2020-12-10,339750.0,341942.0,339061.0,340500.0,3.0
2020-12-11,338440.0,340415.0,337167.0,340064.0,2.0
2020-12-12,339693.3333333333,341010.0,336125.0,338509.3333333333,2.6666666666666665
2020-12-13,340946.6666666666,341605.0,335083.0,336954.6666666666,3.333333333333333
2020-12-14,342199.99999999994,342200.0,334041.0,335399.99999999994,4.0
2020-12-15,336494.0,338920.0,334643.0,337154.0,5.0
2020-12-16,337154.0,338559.0,333333.0,338500.0,7.0
2020-12-17,335000.0,339804.0,333150.0,339804.0,9.0
2020-12-18,338000.0,338468.0,333865.0,337900.0,7.0
2020-12-19,336550.0,338451.6666666667,333793.3333333333,338073.0,6.333333333333333
2020-12-20,335100.0,338435.3333333334,333721.6666666666,338246.0,5.666666666666666
2020-12-21,333650.0,338419.00000000006,333649.99999999994,338419.0,4.999999999999999
2020-12-22,335535.0,336615.0,334500.0,335779.0,5.0
2020-12-23,336400.0,338533.0,336400.0,336700.0,4.0
2020-12-24,337000.0,341000.0,337000.0,340262.0,2.0
2020-12-25,338250.0,342062.5,338111.25,340846.75,2.75
2020-12-26,339500.0,343125.0,339222.5,341431.5,3.5
2020-12-27,340750.0,344187.5,340333.75,342016.25,4.25
2020-12-28,342000.0,345250.0,341445.0,342601.0,5.0
2020-12-29,345144.0,346677.0,343975.0,344820.0,3.0
2020-12-30,344410.0,346111.0,343917.0,345095.0,2.0
2020-12-31,344302.0,348500.0,343806.0,347815.0,3.0
2021-01-01,345182.75,348331.25,343058.5,346742.5,3.25
2021-01-02,346063.5,348162.5,342311.0,345670.0,3.5
2021-01-03,346944.25,347993.75,341563.5,344597.5,3.75
2021-01-04,347825.0,347825.0,340816.0,343525.0,4.0
2021-01-05,343900.0,344715.0,340850.0,341820.0,3.0
2021-01-06,343000.0,349000.0,342000.0,346189.0,9.0
2021-01-07,347900.0,351000.0,347120.0,350089.0,3.0
2021-01-08,350500.0,352039.0,348100.0,352039.0,2.0
2021-01-09,349700.0,351739.6666666667,348091.0,351376.0,2.0
2021-01-10,348900.0,351440.3333333334,348082.0,350713.0,2.0
2021-01-11,348100.0,351141.00000000006,348073.0,350050.0,2.0
2021-01-12,350050.0,351250.0,348250.0,350460.0,2.0
2021-01-13,349147.0,353194.0,348140.0,353194.0,3.0
2021-01-14,353100.0,353698.0,351574.0,352801.0,1.0
2021-01-15,350540.0,352500.0,348500.0,350320.0,3.0
2021-01-16,350699.25,353084.25,348392.5,350858.5,3.0
2021-01-17,350858.5,353668.5,348285.0,351397.0,3.0
2021-01-18,351017.75,354252.75,348177.5,351935.5,3.0
2021-01-19,351177.0,354837.0,348070.0,352474.0,3.0
2021-01-20,351975.0,353350.0,350639.0,352801.0,3.0
2021-01-21,354200.0,354835.0,352400.0,354000.0,5.0
2021-01-22,351800.0,351800.0,349500.0,350620.0,3.0
2021-01-23,350866.6666666667,351895.0,348750.0,351046.6666666667,3.333333333333333
2021-01-24,349933.3333333334,351990.0,348000.0,351473.3333333334,3.666666666666667
2021-01-25,349000.00000000006,352085.0,347250.0,351900.00000000006,4.0
2021-01-26,350191.0,351800.0,349025.0,349200.0,2.0
2021-01-27,346145.0,346645.0,341119.0,343450.0,5.0
2021-01-28,344340.0,351976.0,344340.0,348220.0,4.0
2021-01-29,344749.0,346355.0,343000.0,344100.0,3.0
2021-01-30,344832.6666666667,346551.6666666667,343416.6666666667,344791.6666666667,3.0
2021-01-31,344916.3333333334,346748.3333333334,343833.3333333334,345483.3333333334,3.0
2021-02-01,345000.00000000006,346945.00000000006,344250.00000000006,346175.00000000006,3.0
2021-02-02,348300.0,352000.0,348300.0,350201.0,4.0
2021-02-03,350200.0,351086.0,349250.0,350701.0,2.0
2021-02-04,351700.0,355000.0,351192.0,354760.0,4.0
2021-02-05,355750.0,356500.0,353846.0,354401.0,3.0
2021-02-06,355500.0,356700.0,354031.0,355300.6666666667,3.0
2021-02-07,355250.0,356900.0,354216.0,356200.3333333334,3.0
2021-02-08,355000.0,357100.0,354401.0,357100.00000000006,3.0
2021-02-09,356588.0,362395.0,355021.0,362200.0,6.0
2021-02-10,363145.0,363232.0,360556.0,361290.0,3.0
2021-02-11,361061.0,362300.0,360109.0,361650.0,2.0
2021-02-12,359750.0,365725.0,359750.0,365000.0,4.0
2021-02-13,361727.0,367459.0,361312.5,366083.25,5.25
2021-02-14,363704.0,369193.0,362875.0,367166.5,6.5
2021-02-15,365681.0,370927.0,364437.5,368249.75,7.75
2021-02-16,367658.0,372661.0,366000.0,369333.0,9.0
2021-02-17,368560.0,370873.0,368560.0,370500.0,5.0
2021-02-18,368885.0,370000.0,364760.0,367400.0,13.0
2021-02-19,368865.0,369334.0,364000.0,364400.0,13.0
2021-02-20,367036.6666666667,369889.3333333333,363620.0,366016.6666666667,14.333333333333334
2021-02-21,365208.3333333334,370444.6666666666,363240.0,367633.3333333334,15.666666666666668
2021-02-22,363380.00000000006,371000.0,362860.0,369250.00000000006,17.0
2021-02-23,370488.0,371800.0,367236.0,371055.0,29.0
2021-02-24,371183.0,376315.0,371123.0,375000.0,26.0
2021-02-25,375233.0,377357.0,366401.0,367800.0,22.0
2021-02-26,370220.0,374490.0,363680.0,364580.0,19.0
2021-02-27,370998.3333333333,375834.3333333333,366512.0,368971.6666666667,22.33333333333333
2021-02-28,371776.6666666666,377178.6666666666,369344.0,373363.3333333334,25.666666666666664
2021-03-01,372555.0,378523.0,372176.0,377755.00000000006,29.0
2021-03-02,378323.0,380000.0,376933.0,377835.0,23.0
2021-03-03,377573.0,385000.0,377500.0,381680.0,24.0
2021-03-04,380443.0,382254.0,368430.0,370240.0,26.0
2021-03-05,375823.0,383500.0,373595.0,381600.0,25.0
2021-03-06,379072.3333333333,386284.3333333333,376963.3333333333,383920.0,26.666666666666668
2021-03-07,382321.6666666666,389068.6666666666,380331.6666666666,386240.0,28.333333333333336
2021-03-08,385571.0,391853.0,383700.0,388560.0,30.000000000000004
2021-03-09,391168.0,397400.0,385800.0,391460.0,32.0
2021-03-10,394113.0,407750.0,392015.0,398840.0,42.0
2021-03-11,402495.0,402503.0,395062.0,396399.0,31.0
2021-03-12,397900.0,401171.0,394701.0,394701.0,24.0
2021-03-13,397195.0,399410.6666666667,391511.0,391934.0,26.0
2021-03-14,396490.0,397650.3333333334,388321.0,389167.0,28.0
2021-03-15,395785.0,395890.00000000006,385131.0,386400.0,30.0
2021-03-16,387095.0,387155.0,379212.0,382720.0,1.0
2021-03-17,382530.0,385832.0,380685.0,381501.0,33.0
2021-03-18,384998.0,388630.0,381000.0,383525.0,24.0
2021-03-19,382320.0,383613.0,377500.0,382698.0,25.0
2021-03-20,382149.3333333333,383192.6666666667,377797.6666666667,381933.0,24.666666666666668
2021-03-21,381978.6666666666,382772.3333333334,378095.3333333334,381168.0,24.333333333333336
2021-03-22,381808.0,382352.00000000006,378393.00000000006,380403.0,24.000000000000004
2021-03-23,379062.0,382000.0,376077.0,377440.0,15.0
2021-03-24,379202.0,382155.0,377520.0,378000.0,16.0
2021-03-25,378035.0,382600.0,374483.0,378700.0,17.0
2021-03-26,383298.0,390000.0,381382.0,387995.0,15.0
2021-03-27,383549.6666666667,391161.3333333333,382229.0,389176.6666666667,16.666666666666668
2021-03-28,383801.3333333334,392322.6666666666,383076.0,390358.3333333334,18.333333333333336
2021-03-29,384053.00000000006,393484.0,383923.0,391540.00000000006,20.000000000000004
2021-03-30,393665.0,394300.0,388811.0,390360.0,18.0
2021-03-31,388813.0,390300.0,385702.0,385702.0,17.0
2021-04-01,387979.0,390984.0,385702.0,390360.0,15.0
2021-04-02,389159.25,392430.5,387376.5,391653.75,15.75
2021-04-03,390339.5,393877.0,389051.0,392947.5,16.5
2021-04-04,391519.75,395323.5,390725.5,394241.25,17.25
2021-04-05,392700.0,396770.0,392400.0,395535.0,18.0
2021-04-06,395913.0,397890.0,394838.0,396900.0,13.0
2021-04-07,395730.0,398000.0,394500.0,395888.0,3.0
2021-04-08,395476.0,396985.0,393973.0,396001.0,11.0
2021-04-09,397126.0,400000.0,396122.0,400000.0,14.0
2021-04-10,398559.3333333333,401140.3333333333,397659.3333333333,400873.3333333333,16.0
2021-04-11,399992.6666666666,402280.6666666666,399196.6666666666,401746.6666666666,18.0
2021-04-12,401426.0,403421.0,400734.0,402620.0,20.0
2021-04-13,401668.0,403474.0,400372.0,402500.0,18.0
2021-04-14,402789.0,404150.0,402000.0,403000.0,18.0
2021-04-15,403338.0,404999.0,400835.0,404789.0,17.0
2021-04-16,405752.0,410400.0,405752.0,409250.0,30.0
2021-04-17,407417.3333333333,410516.0,405393.3333333333,408335.0,27.33333333333333
2021-04-18,409082.6666666666,410632.0,405034.6666666666,407420.0,24.666666666666664
2021-04-19,410748.0,410748.0,404676.0,406505.0,22.0
2021-04-20,404610.0,405340.0,401749.0,403089.0,17.0
2021-04-21,403656.0,410165.0,403603.0,410153.0,17.0
2021-04-22,409935.0,410000.0,405256.0,405901.0,18.0
2021-04-23,407088.0,410738.0,406611.0,408840.0,17.0
2021-04-24,408223.0,411316.6666666667,406824.0,408402.3333333333,17.666666666666668
2021-04-25,409358.0,411895.3333333334,407037.0,407964.6666666666,18.333333333333336
2021-04-26,410493.0,412474.00000000006,407250.0,407527.0,19.000000000000004
2021-04-27,408144.0,412229.0,406482.0,411400.0,15.0
2021-04-28,410514.0,411811.0,409355.0,410988.0,16.0
2021-04-29,412758.0,417905.0,412000.0,417905.0,20.0
2021-04-30,415438.0,417144.0,412000.0,412500.0,21.0
2021-05-01,416612.6666666667,418978.6666666667,413757.3333333333,415000.0,24.33333333333333
2021-05-02,417787.3333333334,420813.3333333334,415514.6666666666,417500.0,27.666666666666664
2021-05-03,418962.00000000006,422648.00000000006,417272.0,420000.0,31.0
2021-05-04,419095.0,421850.0,410850.0,421420.0,26.0
2021-05-05,425220.0,427435.0,424306.0,424840.0,30.0
2021-05-06,426700.0,435744.0,426700.0,435120.0,32.0
2021-05-07,436188.0,445000.0,432827.0,437131.0,27.0
2021-05-08,437169.3333333333,444425.0,434928.6666666667,437907.3333333333,28.666666666666668
2021-05-09,438150.6666666666,443850.0,437030.3333333334,438683.6666666666,30.333333333333336
2021-05-10,439132.0,443275.0,439132.00000000006,439460.0,32.0
2021-05-11,435581.0,436871.0,427913.0,430258.0,25.0
2021-05-12,428607.0,431200.0,423077.0,425308.0,18.0
2021-05-13,425536.0,433541.0,424100.0,430640.0,24.0
2021-05-14,433996.0,437413.0,433996.0,437260.0,21.0
2021-05-15,434635.6666666667,436985.6666666667,433579.6666666667,436281.3333333333,19.666666666666668
2021-05-16,435275.3333333334,436558.3333333334,433163.3333333334,435302.6666666666,18.333333333333336
2021-05-17,435915.00000000006,436131.00000000006,432747.00000000006,434324.0,17.000000000000004
2021-05-18,435440.0,435960.0,431767.0,431767.0,13.0
2021-05-19,426931.0,430720.0,424575.0,430720.0,17.0
2021-05-20,432773.0,435000.0,429880.0,431422.0,16.0
2021-05-21,431656.0,435200.0,431000.0,432469.0,13.0
2021-05-22,432861.6666666667,435800.3333333333,431762.3333333333,433456.3333333333,13.0
2021-05-23,434067.3333333334,436400.6666666666,432524.6666666666,434443.6666666666,13.0
2021-05-24,435273.00000000006,437001.0,433287.0,435431.0,13.0
2021-05-25,437298.0,438445.0,431784.0,432274.0,14.0
2021-05-26,434366.0,434366.0,429765.0,432800.0,15.0
2021-05-27,433250.0,436000.0,431175.0,435420.0,15.0
2021-05-28,435623.0,436430.0,433637.0,436000.0,13.0
2021-05-29,436396.75,437097.5,433791.5,435826.0,14.0
2021-05-30,437170.5,437765.0,433946.0,435652.0,15.0
2021-05-31,437944.25,438432.5,434100.5,435478.0,16.0
2021-06-01,438718.0,439100.0,434255.0,435304.0,17.0
2021-06-02,437556.0,437950.0,434647.0,435639.0,19.0
2021-06-03,433050.0,440158.0,433050.0,438745.0,20.0
2021-06-04,441063.0,441063.0,437769.0,439016.0,14.0
2021-06-05,440908.0,440908.0,436500.0,437547.6666666667,15.333333333333334
2021-06-06,440753.0,440753.0,435231.0,436079.3333333334,16.666666666666668
2021-06-07,440598.0,440598.0,433962.0,434611.00000000006,18.0
2021-06-08,435393.0,435458.0,429260.0,434510.0,15.0
2021-06-09,434718.0,435750.0,431310.0,433125.0,13.0
2021-06-10,435120.0,436618.0,427156.0,427156.0,1348.0
2021-06-11,428558.0,431351.0,428000.0,430282.0,12.0
2021-06-12,429174.3333333333,431036.3333333333,426414.0,428814.6666666667,15.0
2021-06-13,429790.6666666666,430721.6666666666,424828.0,427347.3333333334,18.0
2021-06-14,430407.0,430407.0,423242.0,425880.00000000006,21.0
2021-06-15,427440.0,427852.0,424614.0,426045.0,12.0
2021-06-16,425495.0,427584.0,422457.0,425645.0,14.0
2021-06-17,426946.0,427231.0,417025.0,420359.0,18.0
2021-06-18,415847.0,416335.0,409701.0,412729.0,19.0
2021-06-19,415512.3333333333,417282.3333333333,411148.6666666667,414412.6666666667,17.333333333333332
2021-06-20,415177.6666666666,418229.6666666666,412596.3333333334,416096.3333333334,15.666666666666666
2021-06-21,414843.0,419177.0,414044.00000000006,417780.00000000006,14.0
2021-06-22,418010.0,418875.0,415126.0,418875.0,13.0
2021-06-23,416750.0,417000.0,413485.0,413890.0,15.0
2021-06-24,414781.0,416864.0,413187.0,415000.0,12.0
2021-06-25,417416.0,420389.0,414967.0,419134.0,10.0
2021-06-26,418417.6666666667,420581.0,415044.6666666667,418190.6666666667,12.0
2021-06-27,419419.3333333334,420773.0,415122.3333333334,417247.3333333334,14.0
2021-06-28,420421.00000000006,420965.0,415200.00000000006,416304.00000000006,16.0
2021-06-29,417100.0,418868.0,414945.0,417000.0,12.0
2021-06-30,415236.0,419265.0,415100.0,418601.0,10.0
2021-07-01,418708.0,421491.0,417270.0,421005.0,10.0
2021-07-02,423427.0,423427.0,419020.0,420000.0,13.0
2021-07-03,422336.75,422336.75,417765.0,419232.5,13.25
2021-07-04,421246.5,421246.5,416510.0,418465.0,13.5
2021-07-05,420156.25,420156.25,415255.0,417697.5,13.75
2021-07-06,419066.0,419066.0,414000.0,416930.0,14.0
2021-07-07,415581.0,420505.0,415091.0,419401.0,11.0
2021-07-08,416268.0,417572.0,411000.0,411840.0,16.0
2021-07-09,414768.0,422300.0,414463.0,422000.0,12.0
2021-07-10,416749.0,422968.0,415871.6666666667,421645.6666666667,12.666666666666666
2021-07-11,418730.0,423636.0,417280.3333333334,421291.3333333334,13.333333333333332
2021-07-12,420711.0,424304.0,418689.00000000006,420937.00000000006,13.999999999999998
2021-07-13,421011.0,421525.0,418724.0,419820.0,10.0
2021-07-14,419806.0,422061.0,418000.0,418500.0,10.0
2021-07-15,417336.0,422103.0,417000.0,421350.0,9.0
2021-07-16,421981.0,421981.0,417113.0,417601.0,9.0
2021-07-17,419031.6666666667,419397.3333333333,413999.6666666667,415217.3333333333,11.333333333333334
2021-07-18,416082.3333333334,416813.6666666666,410886.3333333334,412833.6666666666,13.666666666666668
2021-07-19,413133.00000000006,414230.0,407773.00000000006,410450.0,16.0
2021-07-20,410308.0,418481.0,409983.0,416244.0,11.0
2021-07-21,418550.0,422688.0,417000.0,420055.0,10.0
2021-07-22,419971.0,420248.0,417650.0,417800.0,9.0
2021-07-23,418856.0,421413.0,418220.0,419000.0,8.0
2021-07-24,418697.3333333333,421608.6666666667,418273.3333333333,419166.6666666667,9.0
2021-07-25,418538.6666666666,421804.3333333334,418326.6666666666,419333.3333333334,10.0
2021-07-26,418380.0,422000.00000000006,418380.0,419500.00000000006,11.0
2021-07-27,419810.0,423000.0,417135.0,422309.0,11.0
2021-07-28,422250.0,423461.0,418230.0,418975.0,10.0
2021-07-29,419635.0,423209.0,419635.0,420676.0,10.0
2021-07-30,421770.0,422914.0,418105.0,418900.0,9.0
2021-07-31,421508.3333333333,423356.6666666667,418165.6666666667,418831.6666666667,10.0
2021-08-01,421246.6666666666,423799.3333333334,418226.3333333334,418763.3333333334,11.0
2021-08-02,420985.0,424242.00000000006,418287.00000000006,418695.00000000006,12.0
2021-08-03,420576.0,425000.0,416965.0,423706.0,11.0
2021-08-04,421988.0,422884.0,419743.0,419962.0,10.0
2021-08-05,421358.0,424000.0,419000.0,421306.0,11.0
2021-08-06,424426.0,430160.0,424103.0,430160.0,13.0
2021-08-07,427302.6666666667,431539.3333333333,426230.6666666667,430733.6666666667,14.0
2021-08-08,430179.3333333334,432918.6666666666,428358.3333333334,431307.3333333334,15.0
2021-08-09,433056.00000000006,434298.0,430486.00000000006,431881.00000000006,16.0
2021-08-10,432690.0,435000.0,430470.0,434610.0,12.0
2021-08-11,434655.0,439163.0,434655.0,438160.0,13.0
2021-08-12,439121.0,439800.0,434846.0,436545.0,11.0
2021-08-13,437935.0,437935.0,432057.0,433124.0,12.0
2021-08-14,436104.3333333333,437175.6666666667,431192.0,433872.6666666667,12.333333333333334
2021-08-15,434273.6666666666,436416.3333333334,430327.0,434621.3333333334,12.666666666666668
2021-08-16,432443.0,435657.00000000006,429462.0,435370.00000000006,13.000000000000002
2021-08-17,434530.0,437551.0,433136.0,435610.0,10.0
2021-08-18,435175.0,436825.0,430651.0,430651.0,9.0
2021-08-19,428190.0,431976.0,427590.0,428994.0,11.0
2021-08-20,429605.0,430543.0,427862.0,430007.0,8.0
2021-08-21,430411.6666666667,431204.6666666667,426908.0,428338.0,8.666666666666666
2021-08-22,431218.3333333334,431866.3333333334,425954.0,426669.0,9.333333333333332
2021-08-23,432025.00000000006,432528.00000000006,425000.0,425000.0,9.999999999999998
2021-08-24,430686.0,431800.0,428000.0,430700.0,9.0
2021-08-25,431705.0,434423.0,429585.0,432354.0,8.0
2021-08-26,433588.0,433708.0,428957.0,429715.0,9.0
2021-08-27,429873.0,431500.0,429332.0,430901.0,7.0
2021-08-28,430268.6666666667,431649.6666666667,429266.0,430507.3333333333,8.0
2021-08-29,430664.3333333334,431799.3333333334,429200.0,430113.6666666666,9.0
2021-08-30,431060.00000000006,431949.00000000006,429134.0,429720.0,10.0
2021-08-31,429405.0,431000.0,428706.0,429900.0,10.0
2021-09-01,431181.0,433720.0,429000.0,430000.0,10.0
2021-09-02,429606.0,431317.0,428000.0,428640.0,10.0
2021-09-03,428825.0,428825.0,424201.0,424201.0,14.0
2021-09-04,427790.75,428644.5,423025.75,423113.5,15.0
2021-09-05,426756.5,428464.0,421850.5,422026.0,16.0
2021-09-06,425722.25,428283.5,420675.25,420938.5,17.0
2021-09-07,424688.0,428103.0,419500.0,419851.0,18.0
2021-09-08,419733.0,421456.0,417925.0,420719.0,11.0
2021-09-09,420270.0,421490.0,419136.0,420285.0,10.0
2021-09-10,421028.0,421291.0,417942.0,417954.0,9.0
2021-09-11,420188.6666666667,421701.6666666667,417857.0,418903.0,10.333333333333334
2021-09-12,419349.3333333334,422112.3333333334,417772.0,419852.0,11.666666666666668
2021-09-13,418510.00000000006,422523.00000000006,417687.0,420801.0,13.000000000000002
2021-09-14,422300.0,422500.0,416050.0,416996.0,15.0
2021-09-15,417358.0,419998.0,416629.0,419785.0,9.0
2021-09-16,420170.0,420800.0,416215.0,419120.0,8.0
2021-09-17,418705.0,421124.0,415000.0,416400.0,16.0
2021-09-18,416371.3333333333,419416.0,413000.0,416266.6666666667,16.666666666666668
2021-09-19,414037.6666666666,417708.0,411000.0,416133.3333333334,17.333333333333336
2021-09-20,411704.0,416000.0,409000.0,416000.00000000006,18.000000000000004
2021-09-21,416571.0,416571.0,411281.0,412802.0,14.0
2021-09-22,415671.0,416762.0,411920.0,412081.0,9.0
2021-09-23,414298.0,420949.0,413700.0,418390.0,11.0
2021-09-24,418475.0,420090.0,417561.0,418101.0,9.0
2021-09-25,418862.6666666667,420794.3333333333,418016.6666666667,418997.6666666667,9.0
2021-09-26,419250.3333333334,421498.6666666666,418472.3333333334,419894.3333333334,9.0
2021-09-27,419638.00000000006,422203.0,418928.00000000006,420791.00000000006,9.0
2021-09-28,419976.0,423225.0,415395.0,416580.0,10.0
2021-09-29,417200.0,419719.0,415301.0,417165.0,8.0
2021-09-30,419311.0,419735.0,411005.0,411379.0,13.0
2021-10-01,412915.0,417653.0,410099.0,414878.0,10.0
2021-10-02,413658.6666666667,417370.0,410494.6666666667,414098.6666666667,11.333333333333334
2021-10-03,414402.3333333334,417087.0,410890.3333333334,413319.3333333334,12.666666666666668
2021-10-04,415146.00000000006,416804.0,411286.00000000006,412540.00000000006,14.000000000000002
2021-10-05,413313.0,420959.0,411659.0,418539.0,9.0
2021-10-06,416406.0,421900.0,413662.0,421900.0,11.0
2021-10-07,424999.0,428655.0,423516.0,425431.0,12.0
2021-10-08,425643.0,428479.0,424000.0,427765.0,13.0
2021-10-09,426152.6666666667,428914.6666666667,423666.6666666667,426176.6666666667,14.0
2021-10-10,426662.3333333334,429350.3333333334,423333.3333333334,424588.3333333334,15.0
2021-10-11,427172.00000000006,429786.00000000006,423000.00000000006,423000.00000000006,16.0
2021-10-12,423252.0,424859.0,419000.0,419596.0,11.0
2021-10-13,417906.0,422180.0,415265.0,418402.0,12.0
2021-10-14,420866.0,427379.0,420750.0,423648.0,12.0
2021-10-15,429300.0,429300.0,424945.0,427701.0,12.0
2021-10-16,429183.3333333333,429183.3333333333,424630.3333333333,427197.0,13.0
2021-10-17,429066.6666666666,429066.6666666666,424315.6666666666,426693.0,14.0
2021-10-18,428950.0,428950.0,424001.0,426189.0,15.0
2021-10-19,429335.0,429500.0,425841.0,428105.0,13.0
2021-10-20,428113.0,433000.0,426111.0,432495.0,17.0
2021-10-21,432689.0,434800.0,429436.0,431680.0,14.0
2021-10-22,431720.0,436203.0,429715.0,435722.0,15.0
2021-10-23,433134.3333333333,436517.0,430831.3333333333,435948.3333333333,16.0
2021-10-24,434548.6666666666,436831.0,431947.6666666666,436174.6666666666,17.0
2021-10-25,435963.0,437145.0,433064.0,436401.0,18.0
2021-10-26,437165.0,439850.0,435446.0,437890.0,19.0
2021-10-27,437527.0,439229.0,433050.0,433050.0,32.0
2021-10-28,434703.0,436874.0,432516.0,436250.0,24.0
2021-10-29,435053.0,436512.0,431714.0,432902.0,21.0
2021-10-30,434873.0,436308.0,431316.6666666667,432249.3333333333,21.666666666666668
2021-10-31,434693.0,436104.0,430919.3333333334,431596.6666666666,22.333333333333336
2021-11-01,434513.0,435900.0,430522.00000000006,430944.0,23.000000000000004
2021-11-02,434440.0,434654.0,429800.0,434245.0,17.0
2021-11-03,433425.0,435140.0,431164.0,435020.0,14.0
2021-11-04,436463.0,438299.0,429880.0,433102.0,20.0
2021-11-05,434887.0,437749.0,432114.0,434000.0,17.0
2021-11-06,436474.3333333333,440166.0,432993.3333333333,434400.0,20.666666666666668
2021-11-07,438061.6666666666,442583.0,433872.6666666666,434800.0,24.333333333333336
2021-11-08,439649.0,445000.0,434752.0,435200.0,28.000000000000004
2021-11-09,435345.0,437240.0,430099.0,431680.0,21.0
2021-11-10,431420.0,433409.0,428940.0,430602.0,17.0
2021-11-11,431800.0,434399.0,428694.0,429202.0,14.0
2021-11-12,432614.0,432899.0,427664.0,431575.0,12.0
2021-11-13,432473.6666666667,433377.6666666667,428135.6666666667,430817.3333333333,14.0
2021-11-14,432333.3333333334,433856.3333333334,428607.3333333334,430059.6666666666,16.0
2021-11-15,432193.00000000006,434335.00000000006,429079.00000000006,429302.0,18.0
2021-11-16,429638.0,431849.0,427120.0,427702.0,15.0
2021-11-17,427651.0,429710.0,424201.0,426198.0,18.0
2021-11-18,428429.0,428429.0,422223.0,422702.0,16.0
2021-11-19,422901.0,424300.0,420000.0,423374.0,16.0
2021-11-20,423675.6666666667,426866.6666666667,420845.0,425616.0,17.0
2021-11-21,424450.3333333334,429433.3333333334,421690.0,427858.0,18.0
2021-11-22,425225.00000000006,432000.00000000006,422535.0,430100.0,19.0
2021-11-23,432837.0,435365.0,430100.0,434921.0,24.0
2021-11-24,434643.0,437139.0,431497.0,433333.0,15.0
2021-11-25,429438.0,433471.0,426294.0,430583.0,15.5
2021-11-26,424233.0,429803.0,421091.0,427833.0,16.0
2021-11-27,425838.0,430580.3333333333,422394.0,426975.3333333333,17.0
2021-11-28,427443.0,431357.6666666666,423697.0,426117.6666666666,18.0
2021-11-29,429048.0,432135.0,425000.0,425260.0,19.0
2021-11-30,423823.0,426125.0,416546.0,416876.0,19.0
2021-12-01,421535.0,424669.0,415000.0,415660.0,20.0
2021-12-02,417776.0,422999.0,415526.0,420566.0,12.0
2021-12-03,421420.0,426000.0,416100.0,418676.0,17.0
2021-12-04,422013.6666666667,426666.6666666667,417400.0,421184.0,17.0
2021-12-05,422607.3333333334,427333.3333333334,418700.0,423692.0,17.0
2021-12-06,423201.00000000006,428000.00000000006,420000.0,426200.0,17.0
2021-12-07,430739.0,431679.0,426200.0,429830.0,13.0
2021-12-08,430115.0,432745.0,426000.0,427405.0,12.0
2021-12-09,428933.0,430650.0,425414.0,428402.0,13.0
2021-12-10,431254.0,435000.0,428402.0,435000.0,16.0
2021-12-11,432789.6666666667,436566.6666666667,429245.3333333333,435910.0,17.666666666666668
2021-12-12,434325.3333333334,438133.3333333334,430088.6666666666,436820.0,19.333333333333336
2021-12-13,435861.00000000006,439700.00000000006,430932.0,437730.0,21.000000000000004
2021-12-14,436865.0,446724.0,434981.0,446104.0,22.0
2021-12-15,445928.0,447794.0,441611.0,443702.0,25.0
2021-12-16,447540.0,454550.0,444655.0,454550.0,22.0
2021-12-17,448850.0,449949.0,441200.0,443304.0,23.0
2021-12-18,445330.0,446615.6666666667,438818.3333333333,441351.0,21.33333333333333
2021-12-19,441810.0,443282.3333333334,436436.6666666666,439398.0,19.666666666666664
2021-12-20,438290.0,439949.00000000006,434055.0,437445.0,17.999999999999996
2021-12-21,441315.0,445379.0,439385.0,443000.0,13.0
2021-12-22,441460.0,444588.0,440300.0,444588.0,12.0
2021-12-23,445395.0,448250.0,443525.0,444654.0,15.0
2021-12-24,445097.5,448008.75,443648.75,445268.0,17.5
2021-12-25,444800.0,447767.5,443772.5,445882.0,20.0
2021-12-26,444502.5,447526.25,443896.25,446496.0,22.5
2021-12-27,444205.0,447285.0,444020.0,447110.0,25.0
2021-12-28,447562.0,452244.0,446405.0,449570.0,15.0
2021-12-29,452370.0,453499.0,450655.0,452102.0,14.0
2021-12-30,453728.0,455000.0,452545.0,452700.0,16.0
2021-12-31,449945.0,455910.0,449945.0,450662.0,15.0
2022-01-01,450631.6666666667,455540.0,450303.3333333333,451874.6666666667,19.0
2022-01-02,451318.3333333334,455170.0,450661.6666666666,453087.3333333334,23.0
2022-01-03,452005.00000000006,454800.0,451020.0,454300.00000000006,27.0
2022-01-04,458675.0,466195.0,452376.0,465725.0,23.0
2022-01-05,468500.0,474181.0,466050.0,467274.0,22.0
2022-01-06,470900.0,473544.0,467236.0,473153.0,19.0
2022-01-07,474696.0,480888.0,472610.0,480000.0,24.0
2022-01-08,477730.6666666667,481858.6666666667,472864.3333333333,479055.0,24.666666666666668
2022-01-09,480765.3333333334,482829.3333333334,473118.6666666666,478110.0,25.333333333333336
2022-01-10,483800.00000000006,483800.00000000006,473373.0,477165.0,26.000000000000004
2022-01-11,479353.0,480935.0,473185.0,480340.0,17.0
2022-01-12,481190.0,483250.0,477094.0,481700.0,17.0
2022-01-13,482058.0,485800.0,481166.0,483872.0,18.0
2022-01-14,480280.0,486999.0,476336.0,485379.0,20.0
2022-01-15,481442.5,487063.0,476648.25,484054.5,22.0
2022-01-16,482605.0,487127.0,476960.5,482730.0,24.0
2022-01-17,483767.5,487191.0,477272.75,481405.5,26.0
2022-01-18,484930.0,487255.0,477585.0,480081.0,28.0
2022-01-19,483000.0,484850.0,472560.0,473440.0,18.0
2022-01-20,473973.0,476625.0,466602.0,467390.0,18.0
2022-01-21,465040.0,466989.0,456623.0,458675.0,23.0
2022-01-22,459804.3333333333,463992.3333333333,452748.6666666667,458083.6666666667,27.666666666666668
2022-01-23,454568.6666666666,460995.6666666666,448874.3333333334,457492.3333333334,32.333333333333336
2022-01-24,449333.0,457999.0,445000.00000000006,456901.00000000006,37.0
2022-01-25,453012.0,464728.0,443402.0,461919.0,21.0
2022-01-26,466162.0,470770.0,460206.0,463652.0,20.0
2022-01-27,469000.0,473900.0,458201.0,461200.0,19.0
2022-01-28,462560.0,469880.0,456281.0,469880.0,20.0
2022-01-29,464261.6666666667,470166.3333333333,458237.6666666667,469855.0,22.0
2022-01-30,465963.3333333334,470452.6666666666,460194.3333333334,469830.0,24.0
2022-01-31,467665.00000000006,470739.0,462151.00000000006,469805.0,26.0
2022-02-01,469465.0,471888.0,465460.0,471184.0,19.0
2022-02-02,470620.0,480400.0,469001.0,479500.0,19.0
2022-02-03,478840.0,481029.0,472081.0,472536.0,16.0
2022-02-04,471990.0,476888.0,469101.0,473364.0,20.0
2022-02-05,472693.3333333333,477042.0,468818.3333333333,473876.0,20.0
2022-02-06,473396.6666666666,477196.0,468535.6666666666,474388.0,20.0
2022-02-07,474100.0,477350.0,468253.0,474900.0,20.0
2022-02-08,477670.0,484200.0,474112.0,482030.0,17.0
2022-02-09,485650.0,488400.0,482502.0,483900.0,18.0
2022-02-10,481000.0,483726.0,478000.0,480105.0,18.0
2022-02-11,481068.0,484850.0,476886.0,479370.0,16.0
2022-02-12,480448.0,483584.6666666667,474111.6666666667,477050.0,18.0
2022-02-13,479828.0,482319.3333333334,471337.3333333334,474730.0,20.0
2022-02-14,479208.0,481054.00000000006,468563.00000000006,472410.0,22.0
2022-02-15,475390.0,476980.0,472456.0,473980.0,15.0
2022-02-16,472983.0,475780.0,471401.0,474444.0,13.0
2022-02-17,474829.0,474829.0,469182.0,470655.0,14.0
2022-02-18,471528.0,473920.0,469091.0,472257.0,15.0
2022-02-19,471329.25,473805.0,468382.5,472047.25,17.25
2022-02-20,471130.5,473690.0,467674.0,471837.5,19.5
2022-02-21,470931.75,473575.0,466965.5,471627.75,21.75
2022-02-22,470733.0,473460.0,466257.0,471418.0,24.0
2022-02-23,474975.0,475989.0,464400.0,465515.0,17.0
2022-02-24,452928.0,463490.0,450000.0,462110.0,28.0
2022-02-25,467598.0,482579.0,465326.0,479345.0,22.0
2022-02-26,470632.0,482932.0,468194.0,478298.3333333333,22.666666666666668
2022-02-27,473666.0,483285.0,471062.0,477251.6666666666,23.333333333333336
2022-02-28,476700.0,483638.0,473930.0,476205.0,24.000000000000004
2022-03-01,482000.0,482151.0,470645.0,475879.0,18.0
2022-03-02,479175.0,488765.0,477091.0,486109.0,16.0
2022-03-03,490797.0,494420.0,485855.0,491245.0,19.0
2022-03-04,485375.0,488298.0,480341.0,487440.0,20.0
2022-03-05,487263.0,489551.6666666667,480523.3333333333,486469.0,21.33333333333333
2022-03-06,489151.0,490805.3333333334,480705.6666666666,485498.0,22.666666666666664
2022-03-07,491039.0,492059.00000000006,480888.0,484527.0,24.0
2022-03-08,486690.0,491500.0,476921.0,478025.0,20.0
2022-03-09,491339.0,491550.0,484184.0,488245.0,17.0
2022-03-10,484252.0,490800.0,482520.0,487820.0,16.0
2022-03-11,490155.0,497333.0,488551.0,489802.0,18.0
2022-03-12,491432.6666666667,498229.6666666667,489683.0,491129.6666666667,21.666666666666668
2022-03-13,492710.3333333334,499126.3333333334,490815.0,492457.3333333334,25.333333333333336
2022-03-14,493988.00000000006,500023.00000000006,491947.0,493785.00000000006,29.000000000000004
2022-03-15,498673.0,501939.0,494023.0,498160.0,26.0
2022-03-16,502201.0,506029.0,497613.0,504036.0,25.0
2022-03-17,505385.0,518438.0,503641.0,518438.0,29.0
2022-03-18,515731.0,520654.0,508853.0,512991.0,35.0
2022-03-19,516231.0,522680.3333333333,511225.3333333333,516994.0,34.333333333333336
2022-03-20,516731.0,524706.6666666666,513597.6666666666,520997.0,33.66666666666667
2022-03-21,517231.0,526733.0,515970.0,525000.0,33.00000000000001
2022-03-22,526201.0,532530.0,523500.0,525854.0,37.0
2022-03-23,523066.0,528015.0,519151.0,521781.0,30.0
2022-03-24,528414.0,528817.0,523778.0,528817.0,21.0
2022-03-25,531088.0,538949.0,529981.0,538949.0,26.0
2022-03-26,534363.0,540632.6666666666,531102.3333333334,539026.0,30.0
2022-03-27,537638.0,542316.3333333333,532223.6666666667,539103.0,34.0
2022-03-28,540913.0,543999.9999999999,533345.0000000001,539180.0,38.0
2022-03-29,544389.0,544389.0,528750.0,532011.0,37.0
2022-03-30,531305.0,537371.0,527650.0,536440.0,23.0
2022-03-31,538660.0,540420.0,528921.0,528921.0,23.0
2022-04-01,530026.0,533139.0,523662.0,527760.0,26.0
